Comment,Date,Subreddit
Given the bird flu outbreak you should consider taking it down.,2022-04-18 13:08:44,Seattle
"Isnt the bird flu outbreak largely an issue in agriculture? All of the information I could find on the internet says that: 

1. Its happening in fowl that are raised for food.
2. The majority of reports are in the midwest.
3. There seems to be a dearth of information about the disease in wild birds, and any outbreak information in Washington in general.


If you have any sources you could shoot my way I would be appreciative, this was only from a cursory search.",2022-04-18 13:59:34,Seattle
"Bird flu is already circulating globally pretty strongly right now. I work in public health and we've been watching it march across the nation causing large die offs/cullings of wild and domestic birds alike. It jumping to humans is unlikely, but it will likely have a rough impact on birds and all related industries that rely on them.",2022-05-08 07:03:13,Seattle
"Hope it doesn't get bird flu from its prey.

:(",2022-05-11 08:18:14,Seattle
"I don't know if you've been paying attention but we're kind of in the middle of a giant multi-generational societal collapse.

And there isn't just one singular cause of it, it's multi-systemic, though a major root of the problem is ""capitalism"" and the way it sets up society in an exploitative and alienating fashion. Over the past roughly half a century or so in America, but elsewhere as well, we've seen this accelerate. There have been some partial advancements here and there, but we've also seen massive increases in inequality; massive growth of unchecked power of the wealthy and powerful; demonization of the poor and the sick; destruction of community and increasing alienation; and so on.

This whole crisis has accelerated substantially over the last decade and continues to ramp up year over year. You have massive assaults on civil liberties and free expression; on the concept of an open and inclusive society; on the very foundations of democracy. In the US we have seen this very clearly with the GOP making a long-term play to undermine democracy in multiple ways. First through the use of gerrymandering and voter suppression at the state level, then even more extreme measures culminating with a half-organized attempt to execute a coup last year. And all of this may sound far fetched and unbelievable but this is the reality of the world we live in, and it doesn't change being real just because it sounds extreme, it *is* extreme, but it's the truth. The truths of project REDMAP and of *intentional* voter suppression are well documented, even The Economist downgraded the US to a ""flawed democracy"". And this is part of a larger trend across the world, a world where democracy is a shadow of what it was and where most major world powers are controlled by aggressive extremists is very much a possibility in the next few years.

Meanwhile, the governments and institutions that exist at present are today substantially in crisis. Many of them are crumbling or being actively deconstructed by powerful hostile forces. Many of them do not serve the public interest well, many of them are corrupt, many of them have shown that they are not up to the challenge of the present moment. In the 20th century there were many, many challenges that society faced but even though there were many failures there were also many successes. In 1900 the average American didn't have indoor plumbing or electricity, antibiotics didn't exist, and you had a pretty iffy chance of even surviving to adulthood due to the omnipresence of different diseases and environmental hazards, but there were vast improvements over the 20th century. Lately we've been coasting on those gains and ignoring the continuing work that needs to be done.

Today we are faced with innumerable other crises that require enormous civilizational level investments to tackle but the elites and the powerful are largely not on board with putting in the work. We have numerous ways in which things like our land and water use and the way we grow food are not sustainable. And this has been a crisis brewing from well over a century ago. In the American Southwest water use has never been sustainable, and it's been clear that we are just operating on borrowed time. And yet despite that obviousness and the fact that the systems we put in place to manage those resources have been obviously broken and obviously corrupt for *decades* we haven't put in the work to tackle those problems. Those in power have largely been complacent, hoping that the disaster will blow up in the next generation's face instead of theirs. Well, we're finally getting to that blow up.

This is, of course, hugely compounded by climate change. Another slow rolling disaster which was apparent on the horizon even in the mid-20th century but has been met consistently mostly by complacency by our power structures and governments. Which isn't to say that we haven't made some progress on it, but we haven't made anywhere near enough. Either in terms of the damage to the environment that is done by our activities or to building a society and an economy that is resilient to the inevitable damage that will result from climate change. And now those chickens are coming home to roost. We are seeing decade by decade, year by year, day by day, and hour by hour how these hypotheticals and these predictions for ""the future"" are translating into practicals for the present. We have experienced smoke season year after year in Seattle (which, illustratively, is the result of a combination of the impact of climate change making wildfires more severe and harder to control along with poor land management). Last year we had the life threatening period of the heat dome in the PNW, a story that we are now watching play out elsewhere across the globe in different areas and different times year after year (this year it's India/Pakistan and then the middle east, though now there's a crazy series of heat waves in the midwest and northeast). We've watched the looming drought develop in California and the Southwest. We've watched the record breaking floods and tornadoes and hurricanes. We recognize fully that we are in that shitty part of the post-apocalyptic movie during the starting credits where news stories are playing and explaining how the apocalypse began and we don't like that feeling at all.

And we see the same pattern. The public is overwhelmingly onboard with dedicating sufficient resources to tackle these problems like any responsible civilization should. And yet, our government continues to do next to nothing, in stark repudiation of the public will and public *necessity*. This is not a tenable situation.

Then we have the pandemic (for future readers this refers to covid-19, not bird flu or monkeypox), which has been mishandled by most governments of most developed countries. It's great that we got vaccines fairly quickly but that's not enough, what we needed was more societal support for public health. We needed people to understand that when it was necessary to do large scale lockdowns they would be married with support (in the form of food and other vital services and potentially housing as well) for the duration necessary. We needed to be able to have a society that drove down disease incidence to a level where it could then be kept under control through track and trace efforts, the way many other dangerous infectious diseases are. But we didn't get that. Instead we got a chaotic piecemeal approach that left us with a combination of years of partially enforced and partially effective restrictions and years of wave after wave after wave of disease.

And I haven't even covered America's policing crisis. Folks have awareness of all of these things whether they understand their causes and details or not. People perceive the alienation and the hatred that has been fermented and fomented in America for decades. We live in a culture that produces suicide murderers as a casual byproduct. These are just an everyday occurrence in America which don't even ping the radar unless more than a handful of people die. Our society is sick on a grand scale, and these are the obvious symptoms of it. Individually we might be able to protect ourselves against this sickness through robust support networks made up of our friends, family, coworkers, maybe our personal wealth, etc, but for those without such physical or interpersonal resources to fall back on there is no protection from the reality that we live in a harsh dehumanizing hellscape.

Meanwhile, all of these vast global level crises (the climate disaster, the pandemic, the war in Ukraine, the threat of WW3, etc.) causes people to think more deeply about value and meaning in their own lives. They step back and realize that they have substantially been abused and misused by society and specifically by our economic system. We work in demoralizing jobs that give us limited autonomy and limited slivers of time in which to be ourselves and to properly live. And we don't like it. We wonder ""what's the fucking point of spending all this time working for others just to pay rent and feed ourselves when the apocalypse is looming"". And that forces us to re-evaluate the value of everything we do or are forced to do regardless of how closely the threat of death and destruction looms, because everyone of us will die eventually, and whether that's next year or a few decades away the question of how we spend that precious coin of the time we have to live is still critically important. Increasingly people have been unsatisfied not just with how they are spending their time but more so with the options given to them. It used to be that it was much easier to make some sacrifices in terms of your standard of living to open up opportunities for making big changes in your life (going to school to change careers or pursuing personal projects or simply giving yourself more free time and more autonomy by living more humbly) but slowly year by year those opportunities have been swept away and lost for average folks. Increasingly people have gotten locked into lives they have limited control over. You can't change careers or take a break because you're saddled with student loan debt or high rent. And increasingly people end up stuck in lives where they just wonder what the point of even existing is. When you see horrors happening routinely (race massacres in US cities, crimes against humanity in Ukraine, the climate apocalypse looming, the rollback of civil rights, a million Americans dead from covid, etc.) you really start to question the value of the life you're living right now and what it even means to live a rewarding life and you start to wonder how doing so in the near-future is going to even be possible for you and your loved ones.

Plus it's been extra gloomy in Seattle far later in the year than normal, and that always lowers people's spirits a little.",2022-05-20 07:00:48,Seattle
"They gassed like 50 million chickens and turkeys this month for bird flu, are the thinking people going to attend to that?",2022-05-26 02:35:47,Seattle
"H5N1 is a flu strain, and more specifically references highly pathogenic avian influenza (bird flu) which has been ripping through wild and domesticated bird populations around the world over the last few years and has hit a substantial uptick this year especially as it has migrated to the Americas, resulting in hundreds of millions of birds that have been killed by the flu or culled in an attempt to keep it from spreading.

So far this strain has been very rare in humans, with cases being limited to individuals who work closely with birds. However, it has a high mutation rate as all flu strains do, as well as being subject to standard flu strain creation mechanisms. So the worry that a strain which is as transmissible person to person as typical human flu strains are is a serious potentiality. So far this strain has a roughly 30-80% case fatality rate in humans, which is, uh, let's call it eye opening, though there's a lot of variables involved.

The bad news is that the potential for a highly transmissible in humans strain of avian influenza definitely exists and could hit the world with a pandemic problem that would make covid-19 look like a walk in the park. On top of that it's devastating many bird populations and has likely already been a major factor in the extinction of some endangered bird species. Especially it has had and will continue to have a major impact on the poultry business, which just adds to the whole mess of food production and availability that's going on globally right now. And to add to that there's the even worse news that because of the nature of how immunity is acquired for the flu as well as the rapid evolution of flu viruses vaccines just aren't terribly good.

If you asked an infectious disease expert in, say, 2018 what they were worried about in terms of the next pandemic in humans they would have told you the flu, specifically the H5N1 strain, but we ended up getting hit by a different bullet, this time.

If you've got a sinking feeling in your gut now, here comes the good news. In the last few years education and control efforts have reduced the number of human cases of H5N1 from a high of dozens of cases per year in the early 2010s to just a handful a year in the late 2010s and then to incredibly isolated incidents in the last few years. Also, spread of the flu is highly controllable by wearing a mask in public, limiting exposure, and washing your hands. Such measures are much more effective against the flu than covid, so much so that the precautions over the last two years may have resulted in a few previously circulating flu strains to go extinct. So there are effective means of control if a deadly flu strain did pop up.",2022-05-28 16:38:41,Seattle
Chicken prices are up something like 30% since the first of the year due to bird flu killing 100+ million chickens in the US alone.,2022-06-01 22:38:16,Seattle
"&gt;	An outbreak of avian influenza, also known as bird flu, is impacting wild birds including Canada geese, snow geese, bald eagles, and other raptors. State officials are asking people who encounter sick or dead wild birds to alert WDFW using the agency‚Äôs [reporting tool.](https://lnks.gd/l/eyJhbGciOiJIUzI1NiJ9.eyJidWxsZXRpbl9saW5rX2lkIjoxMDEsInVyaSI6ImJwMjpjbGljayIsImJ1bGxldGluX2lkIjoiMjAyMjA2MDcuNTkwMjg3NjEiLCJ1cmwiOiJodHRwczovL3N1cnZleTEyMy5hcmNnaXMuY29tL3NoYXJlL2EzODRlOTBmNjk3NDRmMmU4NDYxMzVhOWNlODAwMjdmIn0.-46pzyB5mxn3tlwA_EX7bXYBnuWg3xqsbFMnHjxu6Rg/s/1375727226/br/132541402290-l)",2022-06-08 04:52:00,Seattle
There was a dead bird at the end of my driveway that I sprayed with a shit ton of lysol before touching it. Then I put it in its own trash bag and tossed it in the trash. Not about to be spreading the bird flu and becoming patient zero of the next pandemic or something.,2022-06-08 12:56:00,Seattle
Bird flu is leading to farmers having to kill tens of thousands of birds so Chicken is going to be expensive for quite a while,2022-06-24 13:49:25,Seattle
"I still remember the one tine that PAX spread bird flu and a bunch of people got sick *and it spawned a comic and shirt and changed social norms at PAX forever*. 

Nerds are better than this.",2022-07-04 00:42:17,Seattle
"Probably too young to fly well, you can try to move him but prepare to be dive bombed and watch out for bird flu",2022-07-26 04:26:20,Seattle
"It was closed because of the bird flu. Almost all the open aired bird exhibits were closed.

They should be opening again once they are given the all clear.",2022-09-24 11:04:50,Seattle
"Meh... RSV is mainly a problem for young children. Should we close schools again? I suppose they can all mask up.


So many people I know already had COVID this season so they should be good for at least a bit.


The Japanese love their masks and they are worried about both 
influenza and bird flu right now. 


The only way to never get a transmitable disease is to stay at home. You can do that if you want.",2022-12-10 11:02:08,Seattle
Bird flu still having an impact I guess?,2022-12-16 01:42:09,Seattle
Be careful handling because bird flu is rampant in waterfowl this winter.,2022-12-26 05:25:26,Seattle
You can‚Äôt bring eggs over the border because of the bird flu.,2022-12-31 11:17:31,Seattle
Bird Flu is causing prices to rise.,2023-01-05 00:58:53,Seattle
"This particular strain can be spread by feces, saliva, and bird snot IIRC. One example of a transmission mechanism is where a farmer or visitor to the farm steps in bird poop, leave the farm without properly disinfecting their shoes, and spread it to other properties. 

WA state has a video about commonly asked bird flu questions here:

https://agr.wa.gov/departments/animals-livestock-and-pets/avian-health/avian-influenza/bird-flu-2022",2023-01-05 02:40:22,Seattle
You have to be aware there is a bird flu epidemic that is killing entire flocks of chickens. The epidemic is destroying poultry operations. It is transmitted from farm to farm by wild bird that visit the chickens and leave droppings behind.,2023-01-05 02:53:07,Seattle
"They should be.  I live in East King County where backyard chicken flocks for personal egg consumption are normal and the buzz about chickens has been the bird flu.  If someone loses a laying hen it's not being replaced anytime soon thanks to the bird flu as everyone is hording their laying hens.  I've even seen some people get a rooster, when available, with the hope that they can make their flocks self-sustaining for a little while.

Keep in mind too that it's winter so laying hens are producing fewer eggs as well.  So there are multiple pressures driving up egg prices which has to extend to farmer's markets.",2023-01-05 03:01:18,Seattle
"To be fair, organic is just a marketing gimmick. If the cost gets over what you want to pay just buy conventional. Both are safe or they wouldn‚Äôt be on the shelf.

I have family that supply agricultural products to farmers here in WA. Legally organic just means ‚Äúuse pesticides from the 70s‚Äù more or less, and some of that junk needs to be used way more frequently and is way more toxic than the kinds developed over the last 50years or so.

As others have said, this example is due to bird flu.",2023-01-05 05:08:54,Seattle
Turns out there's an egg shortage all over. They're slaughtering whole county's worth of flocks over bird flu.,2023-01-05 07:19:43,Seattle
The real issue with eggs &amp; poultry prices is bird flu actually. Millions of chickens are being slaughtered and thrown away because of huge bird flu outbreaks. Same problem was part of the reason foe high turkey costs at Thanksgiving.,2023-01-05 07:39:25,Seattle
This might be less inflation and more of the bird flu impact on some production lines,2023-01-05 23:21:28,Seattle
Bird Flu has make chicken significantly more expensive.  Withthat in mind it would seem unlimited chicken anything would be eliminated as a result.,2023-01-07 00:23:13,Seattle
The shortage is due to bird flu,2023-01-08 08:16:08,Seattle
Something like 50 million chickens have died of bird flu. How could that not create a shortage?,2023-01-08 10:09:26,Seattle
"Do you have a source for this? Because bird flu is raging through the world right now and it's killing chickens left and right. 

The fancy free range eggs don't even have a livestream of the chickens foraging in the wild anymore because they have to keep them under cover 24/7 to prevent transmission from wild birds.",2023-01-08 10:36:28,Seattle
"Hey dude, I'm not your bro... 

It was only a matter of time before someone that wasn't ""a nauseatingly educated lib"" like myself was going to ask the question ""why are eggs so scarce and expensive?"".

Also broheim, because of the bird flu who's stupid enough to give up leads. No one knows when the ""bird flu"" will subside.


Edit: my spel1ng arrer  has ben corected. Thanks u/Visual-Beginning9814",2023-01-08 15:39:15,Seattle
Egg prices have skyrocketed due to a mass culling of chickens caused by bird flu. It's not Beth's or even inflation's fault.,2023-02-02 03:31:51,Seattle
"I mean sure, I don't disagree with that, but also there's 40+ million fewer chickens laying eggs in America due to bird flu.",2023-02-02 04:59:27,Seattle
"Mass inflation, a global pandemic, corporate greed, a few wars, roe v Wade getting overturned, mass shootings basically daily, bird flu killing a bunch of chicken, Airbnb's and the rich buying apartments and raising rent

Oh wait that's just the past few years",2023-02-15 15:09:38,Seattle
Great timing with norovirus and bird flu.,2023-02-20 06:32:58,Seattle
"Bird flu has to be factoring into this and egg prices, right?",2023-02-27 15:47:04,Seattle
We've dealt with bird flu before and it was never this bad. These price raises are just profiteering.,2023-02-27 21:31:07,Seattle
Bird flu was never this bad before.,2023-02-28 08:32:35,Seattle
The bird flu mostly affected laying hens because those chickens take longer to mature before they can produce eggs. Chicken for meat is ready for butchering 9 months after the egg hatches.,2023-03-01 02:11:35,Seattle
Egg prices are from bird flu.,2023-03-06 04:56:28,Seattle
"Yes bird flu... A small reduction in supply and yet profits up 600%? I'm saying these are all cases of ""never let a crisis go to waste"" followed by gouging. Corporations are flexing their power and hiding behind this stuff.


https://www.reuters.com/business/retail-consumer/us-lawmakers-seek-answers-egg-companies-record-high-prices-2023-02-16",2023-03-06 05:01:27,Seattle
"Fresh Del Monte and Pilgrims Pride have not posted particularly favorable profit margins lately, granted.  BASF is primarily a chemical producer, so I'm not sure how they're relevant here?

Looking at the others:

If memory serves, Tyson Foods is a major producer of poultry, so they would have been impacted by the bird flu.  I suspect that this is at least part of the cause of the steep drop-off in all three of their profit categories (gross, operating, net) after the quarter ending June 2022.  Prior to that, they posted three consecutive quarters of record-high net profit, and four consecutive quarters of record-high operating and gross profit.

* https://www.macrotrends.net/stocks/charts/TSN/tyson-foods/profit-margins

Your General Mills link actually shows that net profit has been broadly rising since May 2015, with a more definite growth trend since February 2019.  Net profit has been at historically high levels above 14% since May 2022.

* https://www.macrotrends.net/stocks/charts/GIS/general-mills/profit-margins

Cargill is privately held, so data is harder to come by.  But apparently their fiscal 2021 profit levels were the highest ever in their 156-year history.

* https://www.bloomberg.com/news/articles/2021-08-06/crop-giant-cargill-reports-biggest-profit-in-156-year-history#xj4y7vzkg",2023-04-18 09:26:12,Seattle
"As if the pandemic was even started that way lol.

Not that it can't happen, but it could probably have just been left at swine flu, or bird flu, which actually did start that way.",2023-04-19 10:04:47,Seattle
"I mean the whole country decided disabled lives just weren't fucking worth it. Over and over. For years. 

Got me wishing bird flu really does have a 40% mortality rate when it jumps to human to human",2023-04-25 11:47:55,Seattle
"It's Wilcox eggs. I have seen them all over town - even Costco has them sometimes.

I think the livestreams might be down right now because they need to be kept indoors for bird flu :(",2023-05-20 07:43:03,Seattle
I think their is a bird flu going around,2023-06-09 20:07:01,Seattle
"""Can someone illegally stop their car and endanger themselves and other people for this bird? What's wrong with it, I dunno, could be anything from a broken wing to bird flu. Thanks!""",2023-08-03 23:47:43,Seattle
Bird flu is still very much a thing right now. Wash your birdbaths every few days with bleach.,2023-08-22 14:07:14,Seattle
Bird flu is spreading rampantly here and the increased use of rodent poison is not helping the bird populations.,2023-09-11 05:02:25,Seattle
"Multiple on multiple bird flu out breaks, combined with COVID screwing up supply chain issues. Both occuring so close together are hurting chicken and egg prices for both raw and prepared products.",2023-09-19 08:36:09,Seattle
I‚Äôm guessing bird flu may have had a component to this.  Compound the loss of cheap labor and voila- expensive chicken.,2023-09-19 08:53:47,Seattle
"Companies made record profits during the pandemic. Calling it merely ""inflation"" is such a convenient scapegoat for them that makes it sound like they didn't use this disaster as a way to squeeze Americans even drier. \*Some\* of it was genuine supply chain issues (like with bird flu affecting egg production over the last couple of years) but now that supply chains have normalized and employment is recovering, prices have not dropped and wages are not reflecting the new cost of living.   


Major chains have been nakedly profiteering  via price gouging, and you don't have to look very far to see a shitload of their CEOS being dumb enough to announce it out loud with either their actions or calls to their investors. Blaming the stimulus checks is ridiculous.",2023-10-06 14:57:06,Seattle
"That or bird flu is affecting them.

H5N1 can cause encephalitis in birds and mammals without any other symptoms.",2023-10-10 10:39:04,Seattle
How are we ever going to have the next bird flu pandemic without piles of decaying bird poop?,2023-11-23 13:42:49,Seattle
"Super duper health hazard. Bird flu isn‚Äôt a joke, and coming in contact with feces from birds isn‚Äôt the best thing for anyone to touch or inhale.",2023-11-23 16:47:26,Seattle
"Evolution takes time. Bird flu for example was first discovered in the late 1800s and likely existed for longer but didn't make the jump to humans until 1997. I'm not saying it is or isn't covid, just that it could make sense that a virus we've only seen in one species that's newer could only just now be making the jump to another resulting in a completely unknown deadly disease.",2023-12-01 12:34:12,Seattle
"Yo buddy while you‚Äôre sitting there being a conspirator there is a legitimate reason of why aliens exist and we just had 15 different MDR strands of fungus killing sick people and you know, also the bird flu is back. Soooo there‚Äôs no ads on the CDC website for your idea in dissemination of fear. Maybe just read and stop talking. Or go back to /b where u belong",2024-02-06 15:31:19,Seattle
"The point is, their portrayed lack of empathy towards the human population is less likely to win the war on healthcare.  Let‚Äôs mask the hypocrisy of our politicians playing Doctor and forcing a vaccine while polio comes back, fentanyl is considered terrorism to an extent, guess was bird flu is back, square Enix is honorable enough to hold its launch date for the upcoming FF7 release, Qled TVs for 800$, listeria, and don‚Äôt even get me started on homie Jeff lol. üòÜ 

Imagine getting all those sick people in a hospital where the human-hosts are already colonized by this yeast. Guess what happens next???

98 year old granny stays on life support in pain whilst family disputes the politics about who gets what. Then instead of letting granny go in peace, we‚Äôre facing some hospital staff having to avoid confrontation and being ‚Äúoffensive‚Äù based on an idea social media made ‚Äúideal‚Äù to what we all should look and feel. Haha üòÇ then while all those beds are taken by the nearly deceased, insurance companies stop paying and surely you know they fire their hospital staff when they don‚Äôt get the answers the like. 

So basically what I mean is. It is as bad as it looks, your method of trolling is unintelligible and you need to start worrying about the potential of an uncomfortable, painful imminent death.

Stop spreading your cancer and open your mind to something else rather than poisoning Reddit threads with your ignorance to 5 major diseases among us with a mortality rate greater than 60%. Capiscolo.??",2024-02-06 16:51:40,Seattle
"Thanks for asking! Biotech is short for biotechnology - the simplest definition of biotechnology is ‚Äúusing living things to make a product‚Äù.¬†

So things like beer &amp; wine (yeast is a living organism that ferments sugar into alcohol and bubbles) and even dairy cows are technically ‚Äúbiotechnology‚Äù!

The term is most-often used in the context of medicine, though. I use living things (single-celled organisms similar to yeast) to make medicines. My team and I are essentially brewers, except we brew drugs instead of beer.

So what do we /actually do/? A lot of our time is spent fine-tuning the growth conditions of our little organism farm (time, temperature, gas mixture, food, etc.) to maximize the amount and quality of drugs we produce. We feed and nourish our single-celled livestock daily, we rigorously test our single-celled livestock for agents like viruses and bacteria (check out the press about bird flu in dairy cows), and we develop technology that enables us to to all of the above more efficiently so high-quality medicines can make it to patients quickly *and* safely.

TL;DR I farm single-celled organisms; my tiny livestock makes drugs.",2024-05-09 00:19:48,Seattle
That stuff will give you bird flu‚Ä¶ why do you think that's in our milk supply now? You need to cleanse it out with enough colloidal silver to turn you into a smurf.,2024-05-15 05:10:34,Seattle
Hope you didn't touch it. Bird flu is jumping to mammals frequently now.,2024-05-18 08:38:16,Seattle
Now there‚Äôs been one death confirmed caused by bird flu üò±.,2024-06-07 01:39:52,Seattle
"Four years here, I wouldn‚Äôt with LC on anyone. Sorry you have it too. I‚Äôm one of those ‚Äúweirdos‚Äù that still masks up because I never want Covid again. And can‚Äôt be too safe with the bird flu showing up in wastewater, another thing I‚Äôd rather not ever acquire.",2024-06-07 03:00:40,Seattle
"hate to burst your bubble, babe, but it's not that small a fraction. and the longer people pretend covid isn't a risk to EVERYONE's health, the more disabled people there will be. 

also, have you happened to notice measles is having a renaissance, and tuberculosis is on the rise, and humans are starting to get bird flu? it's almost like letting a literal global pandemic continue to play out is decimating our immune systems or something...

i'm sure you and everyone else who's deluded themselves into thinking they have some kind of superhuman immunity will be fine, though! you're not like other people\~",2024-06-07 10:28:21,Seattle
"literally google, bro. there are lots of studies on how covid affects your body in the long-term and how it resembles hiv/aids, and i‚Äôm not going to copy/paste every one i‚Äôve ever read. 

you‚Äôre right, we‚Äôll all continue getting exposed to it. and then we‚Äôll all have to deal with being disabled and experiencing surges in other diseases like, measles, tb, and bird flu because our immune systems are shit.",2024-06-07 12:17:13,Seattle
Have fun with bird flu lol,2024-06-08 10:43:52,Seattle
"Just call them. They can also warn you about certain animals being off view due to births, introductions, bird flu, etc...",2024-06-12 03:16:57,Seattle
"It's looking like they are also extremely susceptible to bird flu, if you want your cat to live don't let it outside right now and for awhile....",2024-06-15 12:39:09,Seattle
"I created a monster because NOBODY wants Covid no more, they want bird flu, I'm chopped liver.",2024-06-21 17:10:59,Seattle
"Yeah, it sucks that medical professionals are refusing to mask even in sensitive areas like cancer wards now. Maybe if bird flu explodes they'll get their heads back on straight along with the rest of us.",2024-07-20 05:40:14,Seattle
"Not sure about difference between cooked and uncooked, but avian flu is making its rounds on chicken farms so prices should be expected to increase",2022-03-29 07:20:06,Seattle
"I just checked and didn't see any notices for our area pertaining to avian flu and taking bird feeders down. If that changes, orgs like the Seattle Audubon will make an announcement similar to the one they made last year regarding the salmonella outbreak caused by the pine siskin irruption:
 https://seattleaudubon.org/2021/01/20/seattle-audubon-supports-wdfw-guidance-to-limit-the-spread-of-salmonellosis/

That article is good because it also explains how to spot sick birds and what to do if you see any. If there's an announcement later about an outbreak in our area, I'll try to remember to post a link in this sub. I'm sure there are others who would do the same, too.",2022-04-18 15:52:14,Seattle
The avian flu is still going on.,2022-04-18 16:00:09,Seattle
"No, not avian flu.


https://www.seattletimes.com/seattle-news/bird-feeders-can-go-up-again-but-remain-vigilant-washington-state-officials-say/",2022-04-18 23:41:08,Seattle
The disease that prompted the advisory to take down bird feeders was salmonella being spread by a population of out of season pine siskin. This was killing many local birds who shared feeders with them. Avian flu had nothing to do with it.,2022-04-18 23:42:14,Seattle
The price of eggs is skyrocketing because of the number of chickens slaughtered nation-wide due to the avian flu spreading around.,2022-04-19 12:33:06,Seattle
"Avian Flu is not a threat to humans. Millions of commercial birds could die if this spreads to production facilities. The virus is transmitted by migrating birds, which is why the non-commercial birds, like backyard chickens get sick first. It takes some preparation to avoid avian flu.",2022-05-09 00:21:41,Seattle
"I found this question super interesting, so I did the best I could to look it up.

[https://kingcounty.gov/\~/media/depts/permitting-environmental-review/dper/documents/bulletins/41A.ashx?la=en](https://kingcounty.gov/~/media/depts/permitting-environmental-review/dper/documents/bulletins/41A.ashx?la=en)

Section II, D (small animals and pets kept for accessory use outdoors):

&gt;Poultry, chickens, squab, rabbits, hamsters, nutria, and chinchilla are limited to a maximum of one animal per square foot of structure used to house such animals, up to a maximum of 2,000 square feet.

King County considers quail to be poultry, as written in an advisory for Avian flu ([https://kingcounty.gov/depts/health/communicable-diseases/zoonotic/facts-resources/diseases-by-animal/backyard-poultry.aspx](https://kingcounty.gov/depts/health/communicable-diseases/zoonotic/facts-resources/diseases-by-animal/backyard-poultry.aspx)):

&gt;Avian influenza can infect poultry (such as chickens, turkeys, pheasants, quail, ducks, geese, and guinea fowl) and wild birds (especially waterfowl)",2022-08-17 01:34:45,Seattle
Avian flu has been killing waterfowl in record numbers this year.,2022-12-06 10:24:38,Seattle
Fuck! I‚Äôve been following the avian flu crisis that‚Äôs been affecting the Gulls in the UK and am devastated to see it made it‚Äôs way here,2022-12-17 05:55:21,Seattle
I thought I saw a recent notice asking people to not refill bird feeders because avian flu is still spreading. Is that not the case?,2022-12-21 03:18:03,Seattle
Not inflation. Avian flu. [https://www.king5.com/article/news/local/avian-flu-egg-shortages-cost-increase-redmond-chickens/281-9134e07c-3130-4a46-b58e-85cff9941860](https://www.king5.com/article/news/local/avian-flu-egg-shortages-cost-increase-redmond-chickens/281-9134e07c-3130-4a46-b58e-85cff9941860),2023-01-04 12:22:12,Seattle
Gah I love emus but that cheeses me.  I have backyard BELOVED PRECIOUS PET chickens here and WA state would 100% euthanize my whole flock if a single bird was ill.  It sets a bad precedent for Florida to let that one slide because Emmanuel is famous - people are getting a lot of misinformation about avian flu because of that whole situation :(,2023-01-04 14:33:26,Seattle
"Chickens are a flock animal, so they would need to be culled whether they are forcibly kept close together or not. This strain of avian flu is highly contagious and spread by wild birds from flock from flock. Backyard chicken keepers are having to be careful at this time, because if a stray duck brings the avian flu to their coop, all of the chickens will die.",2023-01-04 15:08:28,Seattle
"I'm with family in Mississippi for the holidays and the prices are just as wild here.  $1.50/dz is now $6.99/dz when I can find them.  Something is up with the supply, be it avian flu or some other thing.  


Lettuce and greens, too.  usually it's half the price as Seattle here and I'm seeing $5-6 a (small) bag and everything is half wilted.  Haven't read anything explaining that either but I was pretty surprised since produce tends to be a better value down here.",2023-01-04 15:20:07,Seattle
Unfortunately they have brought the pasture raised chickens inside while this avian flu is going around. I saw a note about it in the last pasture raised eggs I bought.,2023-01-04 15:53:45,Seattle
"I doubt they let anything slide at all. There was literally *nothing there to euthanize anymore.* They lost all but that one bird in less than a week. It was so fast they didn‚Äôt really have time to process what was happening. 

That‚Äôs what‚Äôs making this avian flu so horrible: it spreads so fast it‚Äôs impossible to get it under control before the entire flock is already dying, it‚Äôs being spread by wild birds as easily as domestic birds, and it‚Äôs got a ridiculously high death rate.",2023-01-04 16:29:15,Seattle
"All tofu was completely cleared out at my local whole foods. Also, most of the milk. The eggs have also been gone since last week. What's going on? Avian flu explains the eggs, but what explains the rest?",2023-01-04 17:07:36,Seattle
"Avian flu also murdered my oat milk. Allegedly. Oat milk was 3.50 last month. Last week it was 5.99. 

(My local Costco eggs have also gone the way of pandemic toilet paper.)",2023-01-05 02:41:25,Seattle
"Where are you located?! I would jump to buy your $5 eggs in Seattle! Even before avian flu. There‚Äôs a guy in Phinney Ridge who has birds. He let me come visit with my toddler whenever during COVID (he would stay inside). Very kind, and has a waitlist for his eggs a mile long! I don‚Äôt know anyone else.",2023-01-05 02:49:20,Seattle
"It‚Äôs due to the Avian flu. If it‚Äôs found in one of your birds, you are required to euthanize your entire flock. The downstream effect of that is going to be higher cost of eggs and higher cost of chicken.",2023-01-05 09:21:50,Seattle
"Avian flu caused a massive culling of flocks, its more that than inflation.",2023-01-05 13:37:42,Seattle
(I know avian flu didn‚Äôt actually wipe out my oat milk. My sister is a PhD Climate Scientist/professor here in the PNW. I‚Äôm just terribly lactose intolerant. Humanity really has wasted a lot of time and doesn‚Äôt seem terribly interested in meaningful adjustments. We seem kinda stoked about this apocalypse. We‚Äôre so dumb.),2023-01-06 16:56:10,Seattle
I think there was an avian flu outbreak and they killed millions of chickens to contain it? I kinda remember a short news article a couple of weeks ago but it was not well reported.,2023-01-08 16:45:59,Seattle
"$5 rotisserie chicken at Costco. Even though Avian flu has caused the price of eggs to skyrocket, Costco still won‚Äôt raise the price on the bird.",2023-01-10 19:20:02,Seattle
"&gt;alienwarezftw-1 points ¬∑ 10 hours ago ""I think the avian flu is a cover story to let corporations price gouge.  There has been avian flu before with zero increase don‚Äôt believe the lies the government is feeding you""

BRO WHAT. GET HELP. STOP BELIEVING WHAT PEOPLE IN WHATEVER ECHO CHAMBER YOU ARE IN.",2023-01-13 02:04:06,Seattle
"Seattle is very expensive. Minimum wage rose to $18.69 this month. But on top of that labor is scarce enough that you're gonna have a hard time getting an interviewee in the door for less than $22-23ish. These don't tend to be people who are particularly good at cooking. Just people who need/want to earn the money.

Rent in Seattle is Rent in Seattle.

Groceries are also crazy expensive for restaurants now too. The place I work at can't get eggs in because of the avian flu just like everyone else. Greek Yogurt might not be available this week or the next. Since Covid started all the non-food goods like wrappers, to-go containers, portion cups etc have all gone up by A LOT and you don't know if you're even gonna get the brand you ordered or just what the purveyor could source.

For example: Fryer oil is crazy expensive compared to what it used to be pre-covid by like 3-4 times. Ukraine produced \~50% of sunflower oil and the now sanctioned Russia produced \~25% of it. That's just what it is.

But customers very strongly believe in the price points they have in their heads about what x costs but just aren't being realistic about what it actually costs to provide this service in this city.

Eating out, even shitty eating out is a now a luxury good.",2023-01-15 14:02:29,Seattle
"Check and see if the tropical rainforest exhibit is open.  It was closed due to the avian flu.

If it is open it is worth going and warming up in the rainforest surrounded by birds.",2023-01-22 14:46:03,Seattle
"""A burst of egg-laying rates throughout the year should also have blunted the impact of the avian flu. Even though there were slightly fewer hens, they were laying on average 1-4 percent more eggs than they did between 2017 and 2021. The result was that ‚Äúthe industry‚Äôs quarterly egg production experienced no substantial decline in 2022 compared to 2021.‚Äù",2023-02-02 05:02:06,Seattle
It was a salmonella outbreak and it‚Äôs still going.  Toss in the Avian Flu and bird populations are going to be far different in the coming decades,2023-02-26 14:03:03,Seattle
"I‚Äôm assuming ‚Äúmeat‚Äù excludes poultry? A pound of ground chicken is $8.99 at QFC and Safeway (even before the recent avian flu outbreak), whereas 2 years ago it was $5.99.",2023-02-28 06:55:58,Seattle
"Ukrainian war, avian flu, covid, etc may have caused some supply issues, but I read article after article about record profits. The companies have seen we're willing to pay BS prices and so they keep it inflated and blame it on Biden and whatever else they can sell to people as justification. [https://time.com/6269366/food-company-profits-make-groceries-expensive/](https://time.com/6269366/food-company-profits-make-groceries-expensive/)

It really is terrible they are doing it with an essential like food, but it is in many essential areas, like cost of water and power. From this time last year to now, the number of people that have moved into financial insecurity territory has jumped from 48% to 59% in the US. I'm invested heavily in the market, but I don't need my stock to perform like some casino at the expense of most Americans. It's disgusting and shameful.",2023-04-17 02:24:22,Seattle
You want Avian Flu? Cause that‚Äôs how you get Avian Flu.,2023-04-19 12:51:11,Seattle
No the product has more or less been the same for years. There was a switch from turkey to chicken due to an avian flu caused shortage 1-2 years ago. Also switched to mix greens because of an excessive amount of romaine recalls.,2023-05-22 11:03:50,Seattle
"With avian flu going around, it wouldn‚Äôt be recommended to touch any wildlife, especially with bare hands or a species that feeds on carrion.",2023-06-09 12:32:32,Seattle
"Be curious if some of the group has altered their daily route/destination, or if they‚Äôve gotten hit by the current Avian Flu outbreak.",2023-08-07 16:57:20,Seattle
Weren't there multiple avian flu outbreaks on fowl farms last year? This might be the fallout from those culls.,2023-09-19 07:59:28,Seattle
"""Why is my app charging me so much guys, must be the avian flu right?""

No mate, its the markup and you are looking at met market.",2023-09-19 08:15:01,Seattle
"Don‚Äôt do it. I personally would appreciate it and that you‚Äôre willing to offer a space for them. But right now the problem is there‚Äôs a rampant spread of avian flu especially in WS. If you can get in touch with @kersti_muul_wildurbanity on IG, who is an expert and local.",2023-10-08 03:06:33,Seattle
Bats are mammals and don't get avian flu.,2023-10-08 03:19:24,Seattle
"I‚Äôm a flu expert that has published in the field. Bats don‚Äôt get avian flu. There are two types of influenza A that have been found in bats to date, but they are extremely different than flu As that circulate in birds and non bat mammals. There must have been a common ancestor for the initial virus that got into bats, but it happened a loooooong time ago. Bats don‚Äôt carry or spread influenza that is a known risk to humans, birds or other animals.",2023-10-08 03:45:56,Seattle
Did I comment that bats get avian flu? I said there‚Äôs a spread of avian flu that is seeing enough cases in WS that is alarming. Birds that might hunt bats can spread the disease.,2023-10-08 08:17:09,Seattle
Idk about noise and I don‚Äôt care or know about pickleball. But they‚Äôre planning on cutting down 6 trees so far to make the additions. The bird population in that park is already going through a severe decimation from avian flu.,2023-10-18 14:16:58,Seattle
"I don‚Äôt know.  Although animals experiencing the H5N1 avian flu disease for the past two years are definitely in a global flu pandemic.  Fingers crossed it doesn‚Äôt jump to us.

The main difference between flu and Covid is that in an average year flu kills about 386,000 people globally.      
Averaged over the past 3 years, Covid has killed 8,000,000 around the world *annually*.  So it‚Äôs an order of magnitude more deadly.  

And that‚Äôs not counting the [65 million+](https://www.nature.com/articles/s41579-022-00846-2) (*as of last January*) around the world who have long-Covid.",2023-10-21 04:26:42,Seattle
Over in Jefferson County they had an Avian Flu outbreaks in the bird colonies that nest there (Rat Island). Then it spread to marine mammals. So I'd give anything dead a wide berth just in case and report it.,2023-11-19 16:51:39,Seattle
Smoked turkey and regular turkey is apples and oranges.  ST slways has been 3-5x more expensive than regular and in an avian flu cull season it can be ridiculous.,2023-11-20 11:22:40,Seattle
Avian flu is bad this year on top of the inflation issue in general.,2023-11-20 15:10:58,Seattle
"Gloves. 
No glove. Use a bag. 
Double bag it. Garbage. 

Fix it app if you suspect avian flu.",2023-11-29 01:03:52,Seattle
Call Seattle EHS. They actually do want to know about this stuff because Avian Flu is on the rise and they can test the bird to see why it died.,2023-11-29 02:54:06,Seattle
"Report sick/dead domestic birds to Washington State Department of Agriculture's Avian Health Program: 1-800-606-3056.
Report online sick/dead wild birds suspected of avian flu to the Washington State Department of Fish &amp; Wildlife.
You‚Äôll probably still have to throw it away yourself.",2023-11-29 02:55:16,Seattle
I‚Äôm sure it‚Äôs just a coincidence that avian flu is on the rise. More like *Aviation* flu amirite,2024-05-07 02:38:37,Seattle
I'd think that avian flu would make granting this birthday wish inadvisable this year.,2024-05-08 12:00:09,Seattle
"Even if you could do this in the past, it‚Äôs unlikely you wouldn‚Äôt be able to do it now due to avian flu risk. The zoo is extremely protective of their penguins‚Äô health and have contact super locked down.",2024-06-01 14:30:19,Seattle
Doesn't sound like the case in this instance based on what you described but please be advised that there are documented incidents of Highly Pathogenic Avian Influenza in birds recently here in town. More info including how to safely dispose and report incidents: https://westseattleblog.com/2022/11/west-seattle-wildlife-suspected-local-case-of-highly-pathogenic-avian-influenza-and-what-you-need-to-know-about-it/,2022-12-06 05:29:38,Seattle
Why bother killing a bunch of chickens if they have avian influenza ?  It can‚Äôt affect humans if the product is cooked thoroughly.  That‚Äôs the point of cooking isn‚Äôt it ? To kill bacteria and any viruses ?,2023-01-04 15:37:37,Seattle
"[WHO report - 18 January 2023](https://www.who.int/emergencies/disease-outbreak-news/item/2023-DON434)

&gt; ""This is the first reported case of human infection caused by avian influenza A(H5) virus in the Latin America and the Caribbean region. Work is ongoing to further characterize the virus. 

&gt; Currently, available epidemiological and virological evidence suggests that influenza A(H5) viruses have not acquired the ability for sustained transmission among humans, thus the likelihood of human-to-human spread is low.""

&amp;

&gt; ""The reported case does not change the current WHO recommendations on public health measures and surveillance of influenza.""

Viruses mutate rapidly and all the time, and that is normal/expected. Antigenic variation permitting human to human transmission is a concern, but if the WHO suggests that possibility to be low with *this isolate*, then I am not immediately concerned.",2023-02-09 12:27:48,Seattle
Any place that has birds will almost certainly be closed to the public because of the risk of tracking in avian influenza.,2023-05-01 00:43:04,Seattle
"Avian Influenza is bad, but you really gotta watch out for Avian Affluenza.  Just drunk flying everywhere, knocking down neatly stacked inventory.",2024-05-20 00:36:31,Seattle
"OK, let's inject some sanity because people are fucking clueless constantly apparently.

https://www.cdc.gov/poxvirus/monkeypox/transmission.html

&gt; The virus enters the body through broken skin (even if not visible), **respiratory tract**, or the mucous membranes (eyes, nose, or mouth). Animal-to-human transmission may occur by bite or scratch, bush meat preparation, direct contact with body fluids or lesion material, or indirect contact with lesion material, such as through contaminated bedding. **Human-to-human transmission is thought to occur primarily through large respiratory droplets**.

Mind your bodily fluid exposures, avoid contact with someone's blood, use protection with sex with strangers, wash your hands, wear a mask around strangers indoors, you'll probably be fine.

The only way this'll go badly is if the public completely ignores sensible precautions and goes crazy and the government completely mishandles the response.

Also, you should be more concerned about H5N1 anyway, even if it ends up skipping humans it's going to be a major catastrophe.",2022-05-28 08:58:08,Seattle
"&gt; ...""you should be more concerned about H5N1 anyway,...""

Sincerely asking, how come?",2022-05-28 16:04:30,Seattle
"&gt; Do you have sources for this? That case fatality rate is extreme!

Stats are on wikipedia (with sources): https://en.wikipedia.org/wiki/Influenza_A_virus_subtype_H5N1#Transmission_and_host_range

The cases are kind of all over the place so it's very hard to generalize case fatality rates, especially as the cases range over a huge diversity of countries in terms of economic and development levels. But overall fatality rates are shockingly high.

&gt; &gt; ""...as well as the rapid evolution of flu viruses vaccines just aren't terribly good.""

&gt; Agreed. Due to the rate of antigentic variation, right?

Partly, but it's actually much worse than that due to quirks in the human immune system which are aggravated with the flu. There's a phenomenon which has been given the name [original antigenic sin](https://en.wikipedia.org/wiki/Original_antigenic_sin) which basically results in your immune system plowing whatever furrow it previously did when it comes to tackling a particular disease or even set of diseases (though there's a lot of complexities here I'm glossing over for simplicity's sake). And this can lead to weak immunity depending on differences between the strain you first acquired immunity against and a later strain. For the flu what happens is that you end up with stronger immunity against the type of flu strain you were first exposed to, and weak immunity to certain other variations. Because your immune system can't ""lose"" against the inactivated flu virus in the vaccine it's not going to learn that it's weak immunity against a particular strain wasn't enough, it's just going to intensify that weak immunity rather than switch antigenic targets to something more effective.

In short this means that there can be a limit to how effective a flu vaccine can be for a given individual when the vaccine is based off of live or dead viruses. And this could be a reason why seasonal flu vaccines are usually only modestly effective on average. However, this might be more controllable with the magic of mRNA vaccines and other advanced vaccine technologies, but we are only just beginning to put in the work there and it may take years to pay off.

So the other good news is that potentially within the next couple of years we could see some highly effective mRNA based universal flu vaccines introduced, and these could be broadly protective against seasonal flu and new pandemic flu strains that might pop up, including H5N1 variants.",2022-05-28 17:43:41,Seattle
"Maybe read YOU OWN FUCKING LINK before correcting someone:

&gt;Examples of **different influenza A virus subtypes** currently endemic in animals include H1N1 and H3N2 in pigs (different strains than those found in humans), H3N8 in horses, H3N2 in dogs, and H5N1 in wild water birds and domestic poultry.",2023-10-08 03:53:53,Seattle
"Here is the state release referring to it as an unknown illness. Show your source demonstrating it's all just strep zoo.

We just had a COVID spike. We have HPAI H5N1 jumping into pets around the world. It is reasonable to have eyes on a unidentified outbreak in dogs. 

https://agr.wa.gov/about-wsda/news-and-media-relations/news-releases?article=37947",2023-11-21 10:14:43,Seattle
"The problem isn't being generally courteous to others. It's people like you want to force what you think is ""empathetic"" onto everyone else. It's the authoritarian fervor that you approach a public health crisis that caused opposition. If you could justify lockdowns again, you are the type of person who would advocate for them.



Believe me, I was the first into the bunker in 2020. In hindsight, it did a lot of societal damage and should not be repeated absent something like a mutated H5N1.",2024-06-21 07:45:37,Seattle
"The people downvoting, you guys are absolutely fucking doomed. If you don‚Äôt care about service workers, I‚Äôm assuming you‚Äôre also not protecting yourselves. Good fuckin luck. Next is gonna be h5n1 and that‚Äôs a 50% mortality rate so maybe my downvotes will get cut in half.",2024-07-28 10:50:35,Seattle
"Though the avian bird flu is absolutely spreading and is an absolute disaster in the making, these birds likely passed from Salmonella, which is far far more commonly spread at feeders and has a similar mortality rate. It was really really bad last year. 

Your advice is still good either way though! Take in your feeders and give them a thorough cleaning any time you see sick or dead birds near your feeders.",2022-05-11 23:33:28,Bellingham
"It‚Äôs probably just the tip of the iceberg. 

Factory farming has its downsides and being susceptible to plagues and disease will always be a major downfall. 

The bird flu only increased in prevalence over the last decade and isn‚Äôt showing signs of slowing.",2023-01-22 12:32:38,Bellingham
"[link](https://www.reddit.com/r/economy/comments/10hsxek/high_egg_prices_should_be_investigated_us_farm/?utm_source=share&amp;utm_medium=ios_app&amp;utm_name=iossmf)

There is actually some questions surrounding the validity of bird flu claims.",2023-01-22 15:37:34,Bellingham
"I've been wondering the same thing this year. In the summer where I live, there would normally be a loud, beautiful cacophony of bird sounds for about a half an hour around dawn. This year, it was about a third of the volume of previous years. I've also seen less birds, and have seen birds dead on the ground with no sign that they were attacked. The bug population was also noticeably diminished.

It's only anecdotal info. My best guess is the summer droughts have taken a cumulative toll, and maybe some bird flu. I should take the time to see what studies are saying. I live in Glacier, so it's a rural spot with mainly native plant species.",2023-12-09 01:31:04,Bellingham
"This sounds awesome, but I wonder if the planning process accounted for avian flu? My personal flock has been pretty restricted to staying in their covered run specifically due to, like, not wanting them all to get sick and die.",2022-06-07 13:15:11,Bellingham
"Heard back from the Fairhaven Business Association. Because of the potential for domestic flocks to be exposed to avian flu and spread it to other chickens, they are not going to have any live chickens (or dead ones) at the festival. 

And for those bellyaching about other cities having chicken events before us, Bellingham residents are raising backyard flocks more and more, so it's nice to get together with other chook people, listen to some music, and maybe learn something.",2022-06-09 10:27:47,Bellingham
"This is no joke. I follow a hobby farm page (not local - Knucklebump Farms in Florida) and they lost 95% of their birds to avian flu. You might know their emu, Emmanuel ‚Äúdon‚Äôt do it‚Äù. He is paralyzed and they are rehabbing him. It‚Äôs so tragic.",2022-11-23 13:44:20,Bellingham
"Thank you for caring about the birds! 

Others have already given helpful suggestions of what it could be (cats, windows, disease) and I can't think of anything else obvious. Don't touch the birds ungloved in case it's avian flu.",2023-01-11 05:13:35,Bellingham
Avian flu is decimating the supply is what I‚Äôm hearing‚Ä¶a dozen organic/free range eggs (if you‚Äôre lucky to find them) are coming to $7-10 a dozen right now.,2023-01-23 02:06:01,Bellingham
"There‚Äôs Sardis Raptor center out in the county. They rehab injured raptors, so eagles, hawks, owls and anything else they have room for. We took some trout out there from opening day and donated em and got to walk around and stuff.

Looks like they are by appointment only due to avian flu: https://www.facebook.com/SardisRaptor?mibextid=LQQJ4d",2023-05-16 11:07:02,Bellingham
Sardis is only open to the public by appointment. The avian flu devastated them.,2023-05-16 12:33:01,Bellingham
Looks like avian flu is complicating things but you could reach out to Sardis Raptor Center https://m.facebook.com/SardisRaptor,2023-07-21 10:24:26,Bellingham
If by out of control inflation you mean out of control greed and profit taking by these same victimized stores and suppliers then I agree with you. Egg producers had be threatened by the Feds with some good old fashioned trust busting in order to stop price gouging after they recovered post Avian Flu,2023-11-23 16:01:14,Bellingham
"Contact the Sardis Raptor Center. I know they stopped taking volunteers at the height of the avian flu outbreak, but I haven't heard much since.",2024-01-10 04:33:45,Bellingham
"Avian flu is hopping to other species but who cares? People eat in more chicken!

(/s ) actually , I care - srsly , people eat way too many animals. It‚Äôs not sustainable.",2024-05-11 14:12:41,Bellingham
"It does look distressed - seen a few songbirds with avian flu looking like this‚Ä¶ but none so far this year to be honest. You can call WHS Wildlife Rehab tomorrow and they have a pretty good process - typically quarantine and nursing back to health whenever possible https://maps.app.goo.gl/dsh9nTLrpiihzqnv8?g_st=ic

Treat as if sick + quarantine rules‚Ä¶ do not bring into your home, wear gloves‚Ä¶etc",2024-05-23 11:57:11,Bellingham
"If you're finding dead birds in the yard that don't appear to be window strikes, you may want to contact the Dept of Fish &amp; Wildlife and report it. If they appear to be the same species, I would definitely call. It's entirely possible that there could be a virus in the population (avian influenza?).

https://wdfw.wa.gov/newsroom/news-release/call-toll-free-line-report-dead-wild-birds",2023-01-11 04:26:20,Bellingham
"This is sadly likely; there has been a particularly bad outbreak of avian influenza this year, with a recommended moratorium on feeding birds issued for most if not all of the year.  Crews had to go out and haul migratory bird corpses out of Wiser Lake a month or two ago because so many birds were dying.  :(",2023-01-11 05:22:59,Bellingham
"Avian influenza. It‚Äôs the same reason eggs are so expensive. Definitely try to notify wdfw

https://www.npr.org/2022/12/02/1140076426/what-we-know-about-the-deadliest-u-s-bird-flu-outbreak-in-history",2023-01-11 07:35:05,Bellingham
I'm only finding symptoms for humans online and not for birds. Breadsticks was sneezing for weeks so if it was Avian Influenza I imagine they wouldn't be going on for weeks with it.,2024-04-19 09:28:45,Bellingham
"If there's a wave of Avian Influenza affecting the crows in the area probably put out a notice for people to take down their bird feeders, not to feed the crows, make sure their dogs don't go through any remains, etc.",2024-04-19 09:35:57,Bellingham
"What are the signs of avian influenza in birds?
Early detection of HPAI in birds is important to stopping its spread. Infected poultry, and possibly pet birds, may show one or more of the following signs:

Sudden death with no prior signs
Low energy or appetite
Purple discoloration or swelling of various body parts
Reduced egg production, or soft-shelled/misshapen eggs
Nasal discharge, coughing, or sneezing
Lack of coordination
Diarrhea

[https://www.avma.org/resources-tools/animal-health-and-welfare/animal-health/avian-influenza/avian-influenza-companion-animals](https://www.avma.org/resources-tools/animal-health-and-welfare/animal-health/avian-influenza/avian-influenza-companion-animals)",2024-04-19 09:38:32,Bellingham
So pooooossibly not Avian influenza. Breadsticks was sneezing a bit for 3-4 weeks (though it was occurring more frequently as time went on) but that could have been anything considering they weren't displaying the other symptoms.,2024-04-19 09:53:05,Bellingham
Well they were sneezing for weeks before so if it was Avian Influenza they would have died much sooner before.,2024-04-20 07:01:08,Bellingham
"Hey y‚Äôall! Your local stranding network volunteer here! I figured since this post has gotten pretty popular, I should chime in :) 

So in a situation like this, the best thing to do would be to get out of the water and away from the animal. It may just be curious, it could be feeling territorial, but regardless of the motives of the seal (and those big puppy dog eyes luring you in for a cuddle) it‚Äôs still a wild animal weighing anywhere from 200-300lbs, 5-6‚Äô long, armed with sharp teeth and sharp claws on it‚Äôs flippers, and an infinitely better swimmer than you could ever hope to be. You don‚Äôt want to be on its bad side! Pupping season hasn‚Äôt started yet so there are no babies or juveniles out in the water, only adults. Juveniles and pups are just as much of a risk to a human, they possess the same teeth and claws, the same diseases, just in a smaller package. 

I can‚Äôt personally recall reports of seals harassing and injuring swimmers in Whatcom county waters off the top of my head, but a seal DID harass and [bite a swimmer](https://www.kiro7.com/news/local/very-very-rare-woman-recovering-after-being-bitten-by-seal-san-juan-islands/3VEKPLDNBZCCZLGOFPDTFQA2KI/?outputType=amp) this summer off San Juan Island. This is NOT a common occurrence by any means but it‚Äôs also something you want to avoid. 

It‚Äôs absolutely not worth the risk of injury to your self or the risk of habituating the animal to human interaction. If the animal becomes too comfortable approaching humans, it puts this animal in danger. Not everyone shares the ‚Äúcute water puppy‚Äù sentiment and there are some people with very strong opinions on harbor seals who will not respond kindly to being approached.

There are some VERY serious health risks involved in interacting with seals. The greatest concern is HPAI (avian influenza). This virus is present in harbor seals in Washington state &amp; is NOT something you want to catch. There‚Äôs also the very serious risk of ‚Äúseal finger‚Äù - a very aggressive, difficult to treat bacterial infection that can come from seal bites or interaction with pinnipeds when you have an open wound. It can take months to treat &amp; cause permanent damage to the infected area. Here are some articles on guidelines for interaction with seals given the current HPAI outbreak &amp; info on seal finger.

https://www.fisheries.noaa.gov/feature-story/highly-pathogenic-avian-influenza-found-seals-marrowstone-island-puget-sound

https://www.ncbi.nlm.nih.gov/pmc/articles/PMC2827281/

Ultimately - seal‚Äôs are friends, not foes, but the kind of friends we admire from a distance because they‚Äôre loud, smelly, and have a bad sense of appropriate boundaries. Maintain a minimum distance of 100yds and let wildlife remain wild! If approached by an animal, do your best to maintain that distance and if the animal continues approaching humans please call us at 360-966-8845 and we can assess the situation and make sure the animal is safe &amp; not a risk to itself or others.",2024-05-22 23:38:04,Bellingham
"I think this was probably the 'test pandemic'  Humanization of H5N1 is probably next.  

Also, post pandemic: Why does everyone in Bellingham now drive like they are survival contestants in a Mad Max multi-player game?

Did everyone forget that in real life, no one actually respawns? Was the empathic gene mutated/deleted by Covid? Or did I just grow soft?",2023-03-24 06:31:58,Bellingham
Let's hope H5N1 doesn't take flight seeing how we dealt with that paradigm shift,2023-07-28 02:48:12,Bellingham
"Don't bother going to the zoo anytime soon; the elephant has TB, the Tapirs have some affliction on their feet, no Walrus, Arctic fox closed, shark/Sting ray aquarium closed, puffins and penguins are not out because threat of bird flu, and RIP Blizzard. I have mixed feelings about zoos anyway, but took my kids this week and every other exhibit is closed.",2022-05-22 10:08:35,Tacoma
"I googled ""point defiance zoo penguin"" it came back with this helpful link https://www.pdza.org/animals/rocky-shores/penguin-point/ looks like they do have them and are currently in an off exhibit area due to a bird flu outbreak.",2022-06-11 06:40:49,Tacoma
"Just a heads up, there‚Äôs bird flu going around.  The penguins and budgie buddies at the zoo weren‚Äôt out because of it.",2022-07-26 11:18:30,Tacoma
Dude. I tried everything I could. USDA just recently set some ban because of the bird flu I guess? My husband is there and we have a house. I...kind of have to choose my husband over my bird. :(,2022-11-05 11:11:50,Tacoma
We went last week on Saturday and penguins &amp;puffins  were not out to view due to avian flu. You may want to call ahead!,2022-06-11 05:54:48,Tacoma
"Yup, I called. They are off exhibit due to avian flu",2022-06-11 06:43:11,Tacoma
Why do you say ‚Äúshortage‚Äù like that? Avian flu is real.,2023-05-15 11:34:12,Tacoma
"This is my third time trying to post this, and it keeps deleting it because I added a photo to it, so here it is without the photo.
I woke up to my dogs having ""caught"" something and were pawing at it in the yard. It appeared that they had caught a crow and it didn't look alive anymore. About 25 mins later, the girls (my dogs) went wild and asked to go outside, only for me to discover that the crow was moving! Naturally I kept them inside and gaged the situation. Some crow friends came down and foraged with him trotting and bouncing around, but it was clear he couldn't fly. I did what you SHOULD NOT do, which is catch him with bare hands (due to the current avian flu), and attempted to place him high up on a tree. He rolled over and fell, flopping away from me so I gave up and began to look for wild rehab places around here. Thankfully, both Raindancer Wild Bird Rescue and Dr. Cuthbert out in Gig Harbor stepped up to help. I caught the little corvid again, and drove him to Dr. Cuthbert's, where he got (free) treatment and specialized care (we donated to his rescue).",2024-03-11 06:11:13,Tacoma
"Contact fish &amp; wildlife, let them handle it.


Remember, don't handle wild birds unless you want H5N1.",2023-04-03 09:26:20,Tacoma
Are we on H5N1 now? Seems like just yesterday it was H1N1. Oh the memories‚Ä¶,2023-04-03 13:22:29,Tacoma
"Friend, ***stay the hell away from sick birds***. There's a major H5N1 outbreak, and you do not want to come in contact with sick or dead wild birds. Even if the risk to you personally is very very low, you could unwittingly spread it to domestic or wild birds.


Report it to fish [and wildlife.](https://arcg.is/0nmm9C)",2023-06-10 14:43:07,Tacoma
"Do you ever feel like a crazy person when you have to explain very mundane things like ""there was a massive outbreak of bird-flu and lots of chickens died so prices temporarily went up"" to people who think it's all some kind of Global Elites Fuck Over The People conspiracy theory?",2023-04-06 11:34:18,Spokane
"Unless you have a tree in your landscape. Plant a baby tree in every sprinkler section and I‚Äôll see you on the other side of the fence on Monday, 10-6 pm. We can stand on our soap box of trillions of gallons of water and argue whether the birds are more important suffering from bird flu or the bees suffering from colony collapse. We can get u/excelsiorbanjo to hold out a measuring tape and decide who‚Äôs right.",2023-06-08 02:19:41,Spokane
"&gt;  Lots of grocery stores have had signs up by their eggs regarding it.

Because the store doesn't want to hear you complain about price gouging and the store will always blame someone else. If Safeway hung a sign that said ""We actually love bird flu and want to increase the odds of outbreaks forever - Eggs on sale!"" would you shrug it off?",2024-01-12 10:57:45,Spokane
"The bird flu is definitely affecting bird populations. Not to mention just a general decline in numbers from insect decline and habitat destruction. The best thing we can do is build habitat by adding more native plants, trees / bushes that provide shelter, and habitat that bugs can thrive in (preferably away from your house üòâ) 

It's hard to rely on people's gut feeling about bird numbers because those are so affected by speculation. And the fact that seeing less and less becomes the 'normal' amount as numbers of all animals has shrunk so vastly over the last 200 years. The best thing you can do is enjoy the bird song when it is present and look for ways to increase the variety around you in small ways if you are able.",2024-04-02 01:58:01,Spokane
 The main cause of the shortages and price increase has been producers being hit hard with avian flu and that can hit the home hens as well.,2023-01-10 16:28:33,Spokane
"Avian flu wiped out most of their competition so the 1.2% increase in actual wholesale price resulted in lots of money if you're the only one with product 

Their profits are already tumbling as their competitors recover from having to destroy whole flocks.",2023-04-06 09:51:14,Spokane
What companies did avian flu wipe out?,2023-04-06 10:03:12,Spokane
"Inflation is worldwide and the US is doing better than any country in the G20. Greed-flation is an issue. Egg producers took excess profits blaming Avian flu (and are doing it again) Big oil has NEVER been more profitable, basically the corporations are loving the market and screwing consumers while blaming ""inflation"".",2023-12-05 04:32:15,Spokane
Avian Influenza has been a big problem this year. Most major fairs in WA have not allowed live poultry.,2022-09-16 11:38:56,Spokane
"Yeah, I googled it after we were there and that‚Äôs what I found.  It seems like a lot of fairs across the country didn‚Äôt have poultry this year.  I was bummed because the chickens were one of my favorite parts, but it seems like it was for a good reason.

That avian influenza outbreak seems like ancient history with how fucking crazy the news cycle is these days.",2022-09-16 13:29:09,Spokane
"Which is driven by bird flu killing off egg laying chickens.

https://www.nerdwallet.com/article/finance/why-are-eggs-so-expensive",2024-02-11 13:55:39,Washington
"&gt;I got absolutely crushed in this sub for posting about this a week ago. My post even got removed for misinformation. The price of eggs is ridiculous.8ReplyShareReportSaveFollow  
&gt;  
&gt;level 3argiesen ¬∑ 3 hr. agoWhich is driven by bird flu killing off egg laying chickens.https://www.nerdwallet.com/article/finance/why-are-eggs-so-expensive9ReplyShareReportSaveFollow

What do you pay for eggs? Let's not keep it a secret like salaries",2024-02-11 16:45:52,Washington
"Gas is a volatile global commodity that doesn't have added value like other commodities. It's extremely sensitive to supply and demand and extraneous events. Groceries can fluctuate like this too, but much more rarely. Take eggs, for example. Their baseline prices have risen like all other groceries, but when bird flu devastated chicken farms across the country, the prices rose rapidly and significantly. And then they came back down to their inflated baseline as supply was restored. But they'll never go back to their pre-pandemic baseline, even if their prices fluctuate for other reasons.",2024-02-12 08:06:59,Washington
"Everything is a matter of perspective.  You seem to imply that being wealthy would be a reason to run. I am not wealthy and I think that is a better reason to run. 

A wealthy person does cannot understand what it means to be poor, they cannot appreciate what food insecurity means. Wealthy people like Puppet Patty are so disconnected that they will say things like, ""Inflation is down, wagers are up and jobs are booming."" That is your Senator if you live in WA. She is completely disconnected because she is wealthy, everything is roses. In reality, housing in our state is so outrageous that a full third of the state is living in a home they cannot afford. They have housing insecurity because such a large portion of their income must be paid to cover housing that they cannot build savings, leaving them on the brink of financial disaster. That number jumps up to 40% of families with one child under the age of 6. Just to be clear, in this state, right now, 40% of households with a child under 6 years of age are living with housing insecurity. Why? Because she subsidizes major employers to keep wages low. People might be employed but they are underemployed, earning less than is necessary to afford this housing market. 

WA 5th district has some of the highest increases in housing costs in the nation. Spokane Valley has seen a 25% in the last 12 months. Wages are not keeping pace.      

Her inflation is down comment doesn't make a lot of sense to me. It sure does not seem like inflation is down to me, but I notice when eggs are $6 (bird flu), the same dog food is twice as much as it used to be, and the same groceries cost more today than they did last year. The rate of inflation might be down but prices are NOT. 

I do not have a fundraising plan yet. I have not reached any conclusions if I am going to run.",2024-02-14 07:17:09,Washington
"I would contact animal control for your county and then I would contact Dept of Fish and Wildlife. You have to document document document everything.  If that flock of ducks has Avian Flu and he's not being responsible about it, Dept Of Fish and Wildlife can encourage him to speed up the process.",2023-03-13 04:09:16,Washington
Bird flu is going around. Just saying.,2023-01-29 08:56:13,Everett
Avian flu is going around again,2023-08-09 08:40:29,Everett
Don't touch dead or sick birds. Avian flu is spreading and while there is no proven human to human transmission yet they death rate has been about 1 in 20 so far.,2024-07-21 10:19:20,Everett
"Not sure what's causing it. Might even just be a bit of bad luck finding dead animals... do be extra careful around unwell birds though! H5n1 is still making it's way through bird populations and, occasionally, infects people",2024-07-21 09:52:10,Everett
