Comment,Date,Subreddit,Type
Substantial bird flu outbreak in Iowa and now in Minnesota. Iowa has been dealing with it for several weeks with a big loss.,2022-03-28 08:43:34,minnesota,concerned
"Did they destroy the eggs, too? 

If so, we're way too scared of shit. The bird flu isn't passable to humans, so non-fertilized eggs are just not an issue. I could see the egg supply dropping over weeks, but not days.

There's something funny going on. Either Big Egg (there's Big Everything nowadays) decided to ""play it safe"" as a ploy to drive their profits, or the folks in Faribault/Owatonna went on a panic buy for eggs.",2022-03-28 12:12:48,minnesota,afraid
5 bucks for an 18 pack at cub in the north metro. Damn bird flu hitting hard this year.,2022-03-28 20:28:58,minnesota,concerned
Elk river walmart has been out for weeks now. Definitely bird flu combined with logistical challenges,2022-03-31 17:52:09,minnesota,concerned
They are likely suffering from this bird flu outbreak. You need to have them culled.,2022-04-01 00:55:00,minnesota,concerned
"Without reading into this, I assume that this farm euthanized a bunch of animals because bird flu infected the barn?",2022-04-13 11:15:16,minnesota,concerned
You are right. I have no moral issues with killing animals especially farm animals  which may spread bird flu.  I actually don‚Äôt care if you judge me.  I know I eat meat.  I know I should eat less( not for the sake of the animals but for health and environmental reasons) .  But killing animals for food in practical terms don‚Äôt bother me a bit.,2022-04-13 16:16:55,minnesota,unconcerned
"5 million birds?  For real?  That‚Äôs heartbreaking and a terrible waste, and the more I read about it I‚Äôm even more disgusted by both the farming practices and the bird flu‚Äôs impacts. But the protest?  Kinda hilarious.",2022-04-13 22:22:33,minnesota,skeptical
"Yeah, not trying to give you a hard time. Just seemed like you were not sure why since you just bought the seed and they've been talking about the bird flu spread for some time now.

Store it in a cool, dry place it should be fine for next year.",2022-04-15 12:54:03,minnesota,skeptical
"Don't know much about birds but as the beak looks to be curved that tends to mean raptor. I'd try calling the U of M raptor center if you're near St Paul. 

Could probably cross post to an ornithology subreddit see if they have ideas. 

The worry to me would be if it crashed cause it has bird flu.",2022-04-21 13:35:03,minnesota,concerned
Concerns with them and bird flu?,2022-04-24 17:38:09,minnesota,afraid
Kind of wondering this myself with the bird flu issue,2022-04-25 13:48:46,minnesota,concerned
You'll know it's bad when all the sea gulls at the Elk River transfer station (landfill) are gone. That's bird flu heaven and shitloads of seagulls flying around.,2022-05-09 08:38:24,minnesota,informative
"Seconding the Indigo Bunting.

Here‚Äôs another pic of an Indigo Bunting with information of the current bird flu and request to not have bird feeders. (As far as I know this is still the recommended steps to take)

https://www.mprnews.org/amp/story/2022/04/15/u-expert-stop-backyard-bird-feeding-while-avian-flu-spreads",2022-05-09 14:49:58,minnesota,supportive
"There have been no cases I've read about the bird flu getting to song birds, the bigger problem seems to be big birds like ducks and geese  and that bird feeder doesn't really like it would be a problem",2022-05-09 15:33:14,minnesota,skeptical
"No, I'm not arguing with some random guy on the internet about bird flu. All I'm saying is that MN DNR doesn't tell people to take them down. See the bottom in the question and answer section: https://www.dnr.state.mn.us/wildlifedisease/avian-influenza.html",2022-05-09 15:49:22,minnesota,skeptical
"Large-scale poultry operations are responsible for the bird flu and similar viruses. 

I wag my finger at corporate agriculture and those enabling it.",2022-05-09 16:09:32,minnesota,concerned
Take down your bird feeders. Bird flu is killing a bunch of birds,2022-05-10 09:45:39,minnesota,concerned
Oh NO!!!  My friend found a dead songbird in her yard and had it tested.  Came back positive for Bird Flu. This is bad.,2022-05-14 09:55:16,minnesota,concerned
"bird flu, and the coyote population is probably going through a decline.",2022-07-13 11:37:27,minnesota,concerned
"Since the article has an annoying clickbait title (not OP‚Äôs fault). Here‚Äôs the answer:

‚ÄúThis year (2022) eagle occupancy and productivity numbers were down, with only 44 occupied nests and 32 nestlings found.  John Moriarty, Senior Manager of Wildlife for Three Rivers Park District who has flown these surveys every spring, suspects the decrease in numbers are due to this year‚Äôs incidence of bird flu combined with a cold spring.‚Äù",2022-07-26 17:51:21,minnesota,frustrated
I'd agree but they don't even list any turkey sandwiches on their website for online ordering.   Check it out.    Apparently there is a turkey shortage because of Bird Flu so they cannot promise that product at all of their locations.,2022-08-09 22:21:12,minnesota,concerned
Bird Flu. https://tcbmag.com/bird-flu-means-new-reality-for-minnesota-turkey-farmers/,2022-11-23 16:26:28,minnesota,concerned
"Yes, but if we are the biggest producer of turkeys, shouldn't the bird flu affect pricing in surrounding states accordingly?",2022-11-23 17:07:16,minnesota,concerned
"idk, I guess the only acceptable answer is bird flu.",2022-11-23 17:35:11,minnesota,concerned
"A bird feeder alone will rarely attract many birds: there needs to be good habitat around your yard and trees or tall bushes near the feeder for the birds to hang out in. Did you lose trees recently, or was there a loss of larger habitat near your home? Did any neighbors recently start letting their cats out? Keep in mind that, sadly, bird flu also had an impact on songbird population this year.",2022-12-24 14:47:59,minnesota,concerned
"Totally. I'm sure the daycare is paying more for diapers, toilet paper, electricity, natural gas, and everything else they use. No different from all of us at home. Sadly, they have to pass those costs along.

I suppose their other option is cutting back on some of those things but my guess is most parents wouldn't like that. 

From June 2021 to June 2022, natural gas prices increased 165.5% across the US. ""We don't want to raise your daycare rates, but to save costs we're turning the thermostat down this winter and encourage you to dress your kids warm. We'll no longer be serving hot food.""

Most all of our own workplaces are doing the same. Businesses generally try to absorb some of it (I know my own company has) but at some point you do have to pass along at least some of that to the customers. I don't know of anyone who has had their boss come to them and say, ""We're paying more for all the resources we use, but we don't wanna pass that to the customer so we need to cut your pay by 10% in order to keep from having to impact customers.""

Much of it is likely because we don't always understand the reason behind the increases. When they're explained, most are accepting of it. I know with my own customers, they've been very understanding in that we've laid out how we've shouldered some of the cost increases to our own business but have had to pass along some of it (less than our competitors have passed along). At the same time, it's not as if you're going to walk into the grocery store and they'd have a sign explaining that eggs have gone up 49% in 2022 largely due to bird flu killing millions of chickens and farmers entering into price agreements for product they couldn't fulfill.",2023-01-03 17:06:56,minnesota,concerned
"avian bird flu hits the big boys way harder than smaller producers.  


cull 100,000 or 1,000 birds...  the poultry industry is still being ravaged by this disease",2023-01-14 18:46:49,minnesota,concerned
"Yes bc EE eggs used to be cheaper than cage free, but the Bird flu epidemic has fucked up the prices",2023-01-14 21:34:52,minnesota,concerned
Did Bird Flu write this comment,2023-01-15 00:36:04,minnesota,concerned
"The egg thing is quite literally supply and demand In action. You can thank bird flu for totally fucking over that industry. supply is in the shitter and will be until that gets under control. 

Also, where the fuck you paying over $4 for gas? I just filled up for $2.85 in North Minneapolis.",2023-01-19 00:54:30,minnesota,frustrated
Benson has a plant that burns turkey shit. We may have lost a bunch of chickens and stuff to bird flu culling but we still have a lot if birds and they shit all the time. We could also use cow/pig/horse shit to fuel plants like that too. Would reduce the amount to spread in fields that ends up in our waterways too,2023-02-16 13:41:31,minnesota,concerned
"From CNBC article: 

""It may seem counterintuitive that egg and chicken prices moved in opposite directions.
The dynamic is primarily due to a severe outbreak of bird flu in the U.S. ‚Äî which has killed many egg-laying hens but has largely left chickens raised for meat production unscathed, according to economists.

Chickens raised for meat consumption ‚Äî known as ""broilers"" ‚Äî aren't affected by avian flu to the same extent as the ""layers.""
""It's two totally different styles of production, two totally different breeds of bird,"" Moscogiuri said.
The life cycle of a broiler is much shorter ‚Äî anywhere from 5.5 to 9 weeks, from hatch to slaughter,¬†according¬†to Vencomatic Group, a poultry consulting firm.

However, the life cycle for an egg-laying hen can be upwards of 100 weeks, Moscogiuri said. It can take about five to six months for layers just to reach full productivity,¬†according¬†to the Agriculture Department.
The latter are therefore more susceptible to bird flu since farmers must keep them alive for a longer time, experts said.
Broiler quantity is also up, contributing to lower chicken prices at the grocery store.""",2023-04-04 06:10:33,minnesota,informative
That‚Äôs brilliant!  Fresh eggs without worrying about bird flu!  Where do I get one of those magic bunnies?,2023-04-14 11:00:14,minnesota,supportive
"I'm always curious - what's your solution for culling farmed birds where there's the 100% fatal, massively contagious bird flu?",2023-04-23 10:13:15,minnesota,concerned
"i'm not sure if this is still true, but i might take those down. as far as i know, there's a huge bird flu problem and people are advised not to keep out feeders, but i could be wrong",2023-05-11 02:13:31,minnesota,skeptical
Let's hope we dodge more of the bird flu in our chicken and turkey farms.,2023-05-11 12:42:49,minnesota,concerned
"It's owned by Glen Taylor. Remember the story a few years ago about the chicken farm that dealt with bird flu by shutting off its ventilation system and letting millions of chickens suffocate to death? That was his farm.

Of course he promotes the attitude of ""Fuck you, I've got mine"" amongst his fellows in the owner-class.",2023-05-24 09:24:27,minnesota,frustrated
"Eggs are WAY down.  Less than a dollar per dozen at ALDI.

People linking eggs to inflation were always dumb.  That was a bird flu issue.",2023-08-10 03:06:47,minnesota,skeptical
"This article was included in FERN's Ag Insider Quick Hits. You can read more here: [https://thefern.org/ag\_insider/todays-quick-hits-october-12-2023/](https://thefern.org/ag_insider/todays-quick-hits-october-12-2023/)

**New pumpkin record | Gourd big or go home: Minnesotan grows world's largest pumpkin, breaks his own record**

For the second year in a row, Minnesota gardener Travis Gienger has grown the world‚Äôs largest pumpkin, this time a 2,749-pound monster that was 189 pounds heavier than last year‚Äôs winner at the World Championship Pumpkin Weigh-Off. (MPR News)

**Segregation and birds**

Across the Los Angeles Basin, bird species are ‚Äúremarkably segregated‚Äù as a legacy of racial bias in home lending decades ago and modern wealth disparities, say researchers. (Los Angeles Times)

**EATS Act opponents**

Sixteen House Republicans signed a letter opposing the so-called EATS Act, which would overturn California‚Äôs Proposition 12 animal welfare regulations, citing, among other concerns, the act‚Äôs possible benefits to Chinese-owned Smithfield Foods. (Farm Progress)

**Gene editing takes on bird flu**

British researchers reported promising results when they used gene editing to protect chickens from highly pathogenic avian influenza, although it appeared that several genes must be altered to achieve immunity. (Center for Infectious Disease Research and Policy)",2023-10-12 11:17:06,minnesota,informative
"https://apnews.com/article/bird-flu-avian-influenza-outbreak-virus-7b83ed4d76607bf874685e84b969ceae

https://apnews.com/article/disease-outbreaks-iowa-business-health-bird-flu-2c9ca4b3d04f3c0269a1fee233daa3a6

&gt;Bird flu last year cost U.S. poultry producers nearly 59 million birds across 47 states, including egg-laying chickens and turkeys and chickens raised for meat

""Inflation"" and profiteering aside, this is a big part of why chicken egg and meat prices have been high or inconsistent.",2023-10-19 18:16:16,minnesota,concerned
It feels inevitable that bird flu or whatever the next pandemic is will decimate this society. Imagine banning basic public health measures. We're setting ourselves up for failure. FFS.,2023-10-26 19:16:55,minnesota,concerned
"""Officials stress that bird flu isn‚Äôt a threat to food safety because all the birds on a farm where the disease is found are slaughtered before they reach the food supply, and properly cooking poultry and eggs to 165 degrees Fahrenheit will kill any viruses. Infections in humans are rare and usually come only in people with prolonged exposure to sick birds.""",2023-11-10 00:06:56,minnesota,informative
"I'd like to know about symptoms, test used, efficacy, and accuracy to precision on the tests. 

Simply saying oh 1m had bird flu is a bunch of bullshit propaganda. There is no way in hell they tested all these birds lol.",2023-11-10 10:02:01,minnesota,skeptical
Ferndale Market in Cannon Falls for turkey. They were among the only poultry farms to have zero issue with the bird flu due to how they raise and treat their birds.,2023-11-12 23:53:08,minnesota,concerned
"He has a couple of instances of some shady dealings, mostly revolving around businesses he was part of that employed family members. There is currently a lawsuit against him based on his dealings with a biotech company, Envoy, based in White Bear Lake. Granted, some of the people (Kevin McHale) who have brought the lawsuit aren't exactly bright shining examples of great ethics either. 

There was also a lawsuit in 2008 against one of his businesses for some sexual discrimination. I'm not sure where that went, but I found an article regarding the filing of the lawsuit. https://newscut.mprnews.org/2008/08/the_fall_of_glen_taylor/index.html

He did also get suspended by the NBA for 9 months back in 2000 for an illegal contract he gave player Joe Smith, in violation if the salary cap rules. 

Many are also upset about some of the poultry/egg facilities he owns that killed off tons of livestock when they were infected with the bird flu (perhaps you remember several activists trying to glue themselves to the floor during Timberwolves games a season or two back). I'm a little torn on that one though, as millions of birds had to be euthanized during that bird flu outbreak, all over the country/world.",2024-03-13 11:16:58,minnesota,frustrated
"Well, now they are carriers of bird flu, so better safe than sorry",2024-03-26 08:28:07,minnesota,concerned
"That's why bird flu and pig flu are problems, but there's no fish flu. Norton are anti-virus.",2024-05-25 11:22:55,minnesota,concerned
"As reported by the [MN Department of Agriculture](https://www.mda.state.mn.us/business-dev-loans-grants/highly-pathogenic-avian-influenza-hpai-dairy-cattle), H5N1 ""Bird Flu"" was detected in sickened cows near Saint Cloud. This makes us the 11th state to detect a bird flu infection in cows.",2024-06-06 15:31:59,minnesota,concerned
"Naaaah, *That* one's Plague or Hanta Virus, *this* one's *bird* flu!


(/s, of course!üòâ)",2024-06-06 17:37:49,minnesota,skeptical
Guess you aren‚Äôt afraid of the bird flu spreading to humans.,2024-06-06 18:20:34,minnesota,unconcerned
Yeah the bird flu has gotten into the diary cow herds so be wary about that.,2024-06-23 14:30:45,minnesota,afraid
"&gt;Highly pathogenic avian influenza has been confirmed in two poultry flocks in Minnesota, the state Board of Animal Health announced Saturday.

&gt;The agency said the affected poultry flocks are a commercial flock of nearly 300,000 turkeys in Meeker County, and a backyard flock of 17 chickens, ducks and geese in Mower County. Samples collected from both flocks were tested on March 25 and confirmed by the U.S. Department of Agriculture.

&gt;The state Board of Animal Health said they're the first confirmed cases in Minnesota in 2022.

&gt;Back in 2015, 9 million birds in Minnesota were killed by the virus, or euthanized to slow its spread. The virus is believed to be spread by migrating waterfowl in the spring.

&gt;Poultry producers in the state had been on high alert for weeks, and taking steps to increase biosecurity, after the virus was detected in neighboring states, including Iowa and South Dakota.

&gt;Officials cautioned that the appearance of avian flu in a backyard flock is a key difference from the 2015 outbreak.

&gt;""We are prepared to make sure this outbreak stays small,‚Äù said Dr. Jill Nezworski, a poultry veterinarian and a board member of the Minnesota Turkey Growers Association. ‚ÄúAnd I want to remind all poultry owners that biosecurity takes 100 percent commitment, 24 hours a day, seven days a week.""

&gt;State animal health officials have quarantined the two properties in Minnesota. All birds in those flocks will be destroyed and will not enter the food system, officials said.",2022-03-27 09:49:33,minnesota,concerned
I had a few friends snow goose hunting in ND this past weekend and they said they saw a number of geese that appeared to be sick with avian flu.,2022-03-30 10:49:12,minnesota,concerned
Both Forest lake and St. Croix falls have been out too. Walmart‚Äôs distributor flock had avian flu. They had to be destroyed. Egg and chickens will be a little harder to find for awhile,2022-04-01 09:57:27,minnesota,concerned
"Avian flu can transmit to cats. It's rare, but it can happen.",2022-04-14 18:37:48,minnesota,concerned
They look like a raptor of some kind?  Did it look like they were abandoned?  Sadly it sounds like this strain of avian flu is especially deadly to raptors (U of MN Raptor Center says 90-100% of infected raptors will die).,2022-04-16 20:08:54,minnesota,concerned
"I'd be careful with that because seed on the ground can attract rodents, which then might attract more raptors, which are very susceptible to avian flu. A congregation of birds at feeders or on the ground can also attract raptors.",2022-04-18 12:25:02,minnesota,concerned
"Fortunately the author of the blog I linked to in my post *is* an expert. And this isn't about placing blame. The virus is here, it's affecting wild birds, and people are trying to minimize the risk. The robins and cedar waxwings (neither of which are species that visit feeders) will move on because they've consumed all the berries in your tree. That's a very different situation from bird feeders, where we create an unnatural congregation of birds. And by  doing so, we need to take responsibility for that. Right now nobody knows for sure if these songbirds will be affected by avian flu, because there's no evidence of that so far. I'll take my feeders down if I have to, but I'm hoping with some adjustments, it won't be necessary.",2022-04-18 20:57:04,minnesota,informative
Be very careful with this avian flu going around. Call your Raptor Center,2022-04-21 15:19:02,minnesota,concerned
"&gt;Be very careful with this avian flu going around.

Which brings me to my next point: DON'T LICK HAWKS.

Especially if it's Cooper's hawk. Cooper gets really jealous.",2022-04-21 16:25:47,minnesota,concerned
"Looks like a coopers, but hard to be sure in the light.  

As other comments have suggested contact the raptor center if it hasn't regained its wings yet.  

Beware avian flu. Not a significant threat to people, but if you have your own flocks of birds or hang feeders do safe practice.",2022-04-21 21:32:29,minnesota,skeptical
"Virgina rail, looks like. It's spring migration so lots of tired birds around, plus avian flu could mean it's sick. Call the wildlife rehab center if it's not moving or acting like a normal bird.

I grabbed your pic and checked in my field guide and on Merlin (bird ID app). It's a Virginia Rail: https://imgur.com/amDDsPU",2022-05-05 11:49:38,minnesota,concerned
"Whatever type of bird you decide it is, if it's just sitting there out in the open and it lets you approach with a shovel, there's probably something wrong it. With avian flu spreading, the MN DNR / [Minnesota Board of Animal Health](https://www.bah.state.mn.us/hpai/) have set up a hotline to report this sort of thing. You should do that if it meets any of these criteria:

&gt;*Individual birds may exhibit the following signs of illness:*  
*Inability to fly*  
*Drooping head*  
*Swimming in circles*  
*Trouble standing upright*  
*Tremors*  
*Loss of coordination*  
&gt;  
&gt;  
*Other signs of HPAI include multiple dead birds in the same location and timeframe.*",2022-05-05 11:51:35,minnesota,informative
"Police just called me back. Per the DNR (they‚Äôd sent an email to the police departments), they are no longer wanting potentially infected birds removed. They are to remain where they are and recommend civilians to not touch them.

He said that based on what I‚Äôd described, it is likely Avian Flu. They have had a few calls in Blaine.",2022-05-05 15:52:35,minnesota,concerned
I read something the other day that they think by the end of May the avian flu should be minor.,2022-05-08 10:25:54,minnesota,concerned
"I keep getting conflicting answers on this question. Some say yes, that avian flu doesn‚Äôt affect songbirds so it‚Äôs okay. However, some say songbirds are carriers who can infect the larger birds. I‚Äôd love to put out my feeders again, including hummingbird feeders. Still, I wait for a clear answer.",2022-05-08 10:27:48,minnesota,concerned
"https://raptor.umn.edu/about-us/our-research/HPAI

The raptor center is releasing weekly data on avian flu cases, which are still increasing.",2022-05-08 12:59:06,minnesota,frustrated
Avian flu is fake news! Everyone knows birds aren't real and are a surveillance system for the government.,2022-05-08 16:30:32,minnesota,skeptical
There's no demonstrated evidence of songbirds being greatly affected because there are no programs and no funding for testing songbirds for avian flu.,2022-05-09 08:19:41,minnesota,skeptical
"April; they suggested taking them down to avoid spots where birds congregate closely to help reduce the rampant spread of Avian Flu. 

https://minnesota.cbslocal.com/2022/04/15/what-you-need-to-know-about-bird-feeders-and-bird-flu/

I was hoping I'd just missed an announcement that it was safe. My cardinal and finch friends have been peeping at me angrily every morning since I took mine down...",2022-05-09 17:05:30,minnesota,concerned
"The article you linked says the DNR does not have any record of songbirds carrying the avian flu, they never suggested feeders come down. The lady at the raptor center is understandably very upset about what she's encountering but she spoke outside of her area of expertise.",2022-05-09 20:17:30,minnesota,frustrated
"Okay so I'm chiming in because somewhere else on the sub folks said the same thing. The head of the raptor center is a veterinary epidemiologist so it actually *is* her area of expertise. 

Song birds havent been confirmed to carry the avian flu but corvids can and youd be kind of dumb to think a crow isn't gonna hit up your feeder. 

Folks are recommended to consider things like: are there waterfowl (known carriers) in your area, are there raptors (known carriers) in your area, corvids? And then finally are there reports of avian flu in your area? If any of these things are true you are adding to the risk that the feeder is a place for it to spread around. 

Hummingbirds, while not known to be affected, do also congregate at sugar/nectar feeders and it may be advisable to hold off on this as well, though it seems mostly precautionary. 

I don't know where this shit about a fucking expert on avians talking out of pocket is coming from, but it needs to stop being repeated. The song birds are not going to die off because you hold off on feeding them for a season.",2022-05-10 10:34:14,minnesota,frustrated
Avian flu?  Really?,2022-05-15 20:56:20,minnesota,skeptical
"After finding an abandoned duckling on its back on the sidewalk I took her in after seeing the mother leave her as she couldn‚Äôt walk. After much research I learned she had a niacin deficiency. I made her a leg brace and fed her the appropriate supplements. She‚Äôs now finally running around and she‚Äôs the sweetest little thing! Well, being in a townhome in the burbs with two cats I am unable to keep her (no yard either)‚Ä¶. I‚Äôm devastated to give her up but she really needs a good home or farm. Every sanctuary or place I‚Äôve spoken with has said they will not take in ducklings this year due to the avian flu and they would euthanize her. She doesn‚Äôt have the flu but I am distraught about where I can bring her now. Does anyone know of a place that would take a duckling? 
Also- I named him/her Sunny :)",2022-06-08 22:29:26,minnesota,frustrated
"The avian flu is making things so hard this year. Not sure if you saw this but there is a list of rehabbers from the DNR.

https://files.dnr.state.mn.us/eco/nongame/rehabilitation/wildlife_rehabilitators.pdf",2022-06-08 23:10:14,minnesota,skeptical
They aren‚Äôt taking ducklings due to avian flu :(,2022-06-09 10:41:53,minnesota,concerned
"Darn, that's too bad. I know avian flu is a bear this year.",2022-06-09 13:32:46,minnesota,afraid
The avian flu mixed in with this terrible heat has been a bad time for birds,2022-06-24 19:40:55,minnesota,concerned
5G.  Not Aliens or Avian flu.,2022-06-24 20:33:49,minnesota,skeptical
"Do not let your cats near the dead birds. Keep them inside. If it's avian flu, they can contract it and it can be easily confused for Feline Leukemia, as it's not screened for regularly. I suggest if your cats begun losing weight and/or hair you take them in immidiately for Avian Flu treatment. We recently lost our oldest cat to it out in Oregon so take heed.",2022-06-25 14:41:37,minnesota,informative
"It's always bad.  It seems like he's been told that he must always have a complete opposite opinion from Walz. Today the avian flu outbreak was brought up.  Walz talked about the state and federal response organized by his office, and Jensen said government should stay out of farming.  The government response culled huge amounts of birds to protect the rest of the state's poultry population.  If government hadn't stepped in poultry farmers would be dead right now, instead they are back to full production. Jensen would have been better off saying nothing about it, instead insisting that government shouldn't have helped farmers - to a group of farmers...",2022-08-03 20:29:42,minnesota,frustrated
The Avian flu outbreak and inflation are the main reasons. 49 million turkeys have been euthanized because of avian flu which is close to the record back in 2015. Basic supply and demand.,2022-11-23 16:27:38,minnesota,concerned
Avian flu. Poultry prices are eyewatering this year.,2022-11-23 16:53:41,minnesota,concerned
"&gt;According to USDA Agricultural Marketing Service data, the average per-pound feature price for whole frozen turkeys was $1.11 the week of Nov. 3-9 and 95 cents the week of Nov. 10-16, a decline of 14% in just one week; and the share of stores offering feature prices rose from 29% to 60%. This means consumers who have not yet purchased a turkey should be able to find one at a lower cost than the Farm Bureau average.

https://mymarketnews.ams.usda.gov/filerepo/sites/default/files/2867/2022-11-10/649374/ams_2867_00142.pdf

Seems that's likely the data used in the infographic. They shopped prices before stores started the steep discounting. The reality is that most stores are losing money on the turkey this week, while hoping to make it up by selling you all the fixings. For instance, that $1.99 box of Stove Top Stuffing at Cub, on sale right now, is frequently on sale for 99¬¢ at other times throughout the year, so even on sale now they're making a nice cut there.

Average Thanksgiving meal costs are up 20% but it still doesn't seem that crazy. According to the American Farm Bureau Federation's annual Thanksgiving dinner cost survey, the average cost is $64.05 this year to feed 10 people. That's just over $1 more per person. With fuel prices what they are, seems that driving to another store would negate some of that savings. More so, the time and energy wouldn't be worth it for many.

https://www.fb.org/newsroom/farm-bureau-survey-shows-thanksgiving-dinner-cost-up-20

It is interesting to note that there have been a loss of 8 million turkeys to avian flu. With Minnesota cranking out over 35 million alone, that's not much in the grand scheme of the 240 million raised in the US every year. I still don't quite believe that alone is responsible for MN paying some of the highest prices in the nation for turkey.",2022-11-23 18:37:18,minnesota,skeptical
"Arguably it isn't supply and demand. 2 things happened, first the companies saw this as an opportunity to increase prices and margins as a result of a media frenzy, second costs per unit did increase as a result of the avian flu, increased prices are inevitable, regardless of supply and demand.

Supply and demand is a myth. We live in a world where prices are dictated by corporations based upon what they determine the market will endure. Supply is irrelevant. Demand is irrelevant. When the war in Ukraine started gas prices skyrocketed, reality was that the US doesn't use Russian oil, the US supply wasn't impacted. The only thing that happened was that the gas companies said the market would tolerate a price increase, so they took it. This had happened many times the last few years, until we outlaw gouging of prices for essential services, it will continue.",2022-11-27 00:45:10,minnesota,skeptical
The Egg Prices are heavily influenced by The Avian Flu issues. Cage free eggs actually protect the Birds from mass infection due to airflow and general health conditions. So they  don't need to destroy a fraction of the birds and the eggs stay more stable prices.,2022-12-14 13:23:00,minnesota,concerned
"I was in the co-op, and the Essential Everyday eggs were $6.99. Cage free eggs were $4.29. But the WIC rules say you can't use WIC for cage free eggs. The avian flu has torn through the conventional egg facilities, but doesn't appear to have impacted cage free farms.",2023-01-14 16:53:54,minnesota,concerned
It‚Äôs almost like the avian flu is at least in part a  pretext for the price gouging that every major corporation is doing in the name of inflation,2023-01-14 20:12:56,minnesota,concerned
"I mean I get it, I am not happy about egg prices either! My SO and I typically go through a bit more than a dozen a week. Darn Tim Walz for causing the Avian Flu in other states! 

Cheap eggs can be gotten though, they are $7-8 at target/cub right now, but Costco sells them for half the price.",2023-01-16 22:21:00,minnesota,frustrated
"My blind guess is going to be a small gathering of large birds.  

It doesn't happen often (that I know of), but when you come across the large bird council,  it is disconcerting. 

The one i saw last year was a pair of eagles, geese, ducks, and swans just hanging out together on the ice near a hole in the ice.  

It was when the Avian flu was ramping up and me and my mom were joking that they were talking about the flu.",2023-03-12 14:38:48,minnesota,afraid
"Right here in Mpls, those little shits fucked up a ton of my shrubs and bushes. 

Some are saying because of so much snow, I say because of Avian flu last year that wiped out a lot of their natural bird predators and allowed the rabbits to, ahem, fuck like rabbits and reproduce.",2023-05-01 09:45:53,minnesota,frustrated
"Resident certified arborist here.

Rabbit damage is at a historic level, we've had people from out of state come by and be absolutely blown away by how bad it was.

Early snow, plus lots of snow lead to this.

I also think the avian flu last summer reduced the birds of prey around.",2023-05-01 10:03:39,minnesota,concerned
"anecdotally, egg prices _have_ come down in the past few months. But the egg price shock was mostly due to avian flu outbreaks, not actual long-term inflation. Once the shortage of laying stock was replenished, production returned to relative normal and 18 eggs at hy-vee is back to like $3. It was $6-7 at the height of it.    

I have noticed that it's easier for my grocery bill to stay around $100 for 2 people, which is frankly the new normal. At the height of inflation bullshit and product shortages, it was easily $120-$140. I'm not sure how much of that is just adjusting to higher prices (and buying different foods) or if prices have come down, but either way it's become more managable recently.",2023-08-10 11:22:53,minnesota,informative
"Exactly. About 9 billion chickens are harvested for consumption each year in the US alone. Losing 59 million birds to disease is a fraction of 1% (about 0.007% actually).

The avian flu can be bad for an individual farm. But the industry overall is doing just fine, profit wise. 

Kwik Trip is charging this kind of money for the same reason they sell $3 candy bars: most people go to  a convenience store for convenience, *not* to save money.",2023-10-20 09:26:10,minnesota,concerned
"What source are you pointing to saying this 59 million number was confined to egg laying chickens alone, and not broilers as well?

According to the United Egg web site you provided, there is no mention of a 20% decrease in egg laying production from 2021 to 2022.

As I understand it, the 59 million number applies to *all* chickens across the US, which is the 9 billion number. I can't find any source saying the *overall* US chicken population was decimated by 20% last year.

And to tie this back to the OP's original post about Kwik Trip chicken tender prices, aren't we talking about the price of broilers anyways?

I think this is another example of how statistics can be used to distort an industry agenda.

As the Time Magazine article from /u/OnceIsawthisthing says, the bigger culprit with shelf prices is price gouging from industry, not just the avian flu. Let's stop defending corporate greed on this one.",2023-10-20 15:56:38,minnesota,skeptical
"1. We're not ignoring the 9 billion broiler number, that was your number, that we now know is irrelevant because the avian flu mostly affected egg layers.  
2. Even if the chickens that were culled/died were broilers - *you still have to immediately redirect 60 million eggs to the hatcheries to replace them.* That affects the prices of chickens and eggs.  60 million food chickens is equal to the American intake of 2 days worth.  That might not seem like much, but remove 2 days worth of oil from the market and see what that does to gas prices. 
3. The Time Magazine sources were *almost entirely from Farm Action and/or it's representatives, a biased anti-corporate action group who are making a claim based on their own analysis of one company's SEC filing.*   The only other sources in the article are the SEC filing itself, and one academic's quote that has nothing to do with the claim in the article. 
4. Farm Action's single argument seems to be that Cal Foods (and by extension the entire industry) was gouging because they earned too much money.
5. The question then becomes, how much is too much? Again this is basic math.  If an egg cost 5cents to make and ship, and I told it for 15cents, then I make ten cent profit.  If now my production cost is still 5 cents but the market is buying at 40 cents, I'm now making a 26 cents (or 500%) profit.  Is that too much?  Why would they be obligated to sell below market value?
6. It doesn't mean the entire industry made this level of profits, in fact they probably didn't.  Cal Foods wasn't affected by the flu, so the increase in the value of their product was a windfall. There were other companies that saw essentially their entire flock get culled and had to rebuild from zero. 
7. Honestly, Cub foods probably gouged more than they did, because Kwik Trip sold eggs for $3/doz while Cub sold for $5/doz.  I've always found Cub Foods to be the most predatory food retailer in the area.",2023-10-23 12:33:14,minnesota,concerned
"Dude. Avian flu is risking jumping into a global pandemic at any moment. There are other zoonotic diseases waiting to do just that as well. There will be another virus.

Cutting off one's nose to spite one's face is A really short sighted and stupid decision making process.",2023-10-26 15:49:52,minnesota,frustrated
"Here are some additional important parts of the article:

""The state board of animal health says it marks the first U.S. case where a cow, sheep, goat or relative has tested positive for Highly Pathogenic Avian Influenza.""

""A young goat in western Minnesota is now part of a groundbreaking case, considered the first domestic ruminant (cattle, sheep, goats and related animals) to test positive for the avian flu.""",2024-03-20 18:21:18,minnesota,informative
I think I‚Äôve notice more cardinals and blue jays because I don‚Äôt see any finches anymore.  Our backyard usually had plenty of all of them.  Did all birds decline with avian flu and the cardinals and blue jays came back first?,2024-04-18 10:12:38,minnesota,concerned
"Because meat has been artificially cheap for decades due to massive subsidies. Meat production is a huge source of pollution along with other major risk factors like overuse of antibiotics, deforestation for grazing pastures, and creating conditions for disease to evolve and spread as we're seeing with avian flu right now. Not to mention the ethical matter of raising livestock in inhumane conditions to maximize profits. The low cost of meat places a burden on society that is harder to see than the obvious benefit of cheap burgers. The meat lobby has run a brilliantly effective propaganda campaign for the last 80ish years that has normalized the insane amount of meat Americans consume and entrenched cheap meat as an American right. We are all paying for the financial incentives Tyson et al are pocketing, through taxes and externalities.",2024-05-08 14:06:44,minnesota,concerned
Avian flu was discovered in 1878,2024-06-07 01:03:21,minnesota,concerned
"One shouldn't drink raw milk because cows have been becoming infected with the Avian Flu. 

[https://www.fda.gov/food/alerts-advisories-safety-information/updates-highly-pathogenic-avian-influenza-hpai](https://www.fda.gov/food/alerts-advisories-safety-information/updates-highly-pathogenic-avian-influenza-hpai)",2024-06-23 16:14:22,minnesota,skeptical
"&gt;""Most of these birds will still end up going to market...""  
&gt;  
&gt;If you mean most of the birds in the state- yes, they are going to market.    
&gt;  
&gt;If you mean the birds on lab-confirmed, positive High pathogenic H5N2 farms are going to market, you are absolutely incorrect. The feds, the state and most importantly the turkey industry would not stand for truckloads  of 100,000 infected live birds spreading highly contagious virus to all the farms they pass on their happy journey to the slaughter plant.  
&gt;  
&gt;  
&gt;  
&gt;I you truly ran  a farm in 2020 and had Avian Influenza, you know that  the disease that year was Low Pathogenic AI, meaning be concerned -but it was not the virulent, potential disaster that High Pathogenic AI is.",2022-03-30 22:52:23,minnesota,concerned
"Avian Influenza is not only impacting MN, you can see every state that has been hit on the link below. 

[https://www.aphis.usda.gov/aphis/ourfocus/animalhealth/animal-disease-information/avian/avian-influenza/hpai-2022](https://www.aphis.usda.gov/aphis/ourfocus/animalhealth/animal-disease-information/avian/avian-influenza/hpai-2022)",2022-04-14 09:27:55,minnesota,afraid
"Here‚Äôs the full post from the Raptor Center:

On April 12th and 13th, The Raptor Center responded to reports of three great horned owl nest mates in distress from a nest in Lake Nokomis Park in Minneapolis. On admission to our triage hospital building, all three were suffering from extreme neurological signs and one suddenly died. Due to a high level of suffering, the remaining two youngsters were humanely euthanized and all three tested for Highly Pathogenic Avian Influenza (HPAI). Today, not only did we receive notice that the young owl samples tested positive, but we also responded to calls about two deceased adult great horned owls in the same area, presumed to be the parents. We highly suspect that their samples will be positive too. 

We are heartbroken at The Raptor Center to see the presumed loss of an entire great horned owl family due to HPAI and unfortunately this is not the first one we have responded to during this outbreak. Nearly every day we are admitting patients that come in suffering from the severe symptoms of HPAI.

Minnesota is experiencing an unprecedented outbreak of HPAI in wild bird populations and unfortunately 90-100% of raptors who are infected will die from the disease. The Raptor Center is doing everything possible to continue to safely receive, triage, and treat birds in need during this difficult time and our team deeply appreciates all the help and the support from the community while we do so. 

If you find a raptor in need please call us at 612-624-4745 or visit our website at raptor.umn.edu


They are asking folks to remove their bird feeders and bird baths for now, so that they‚Äôre able to not have a bunch of birds congregate close together. So sad üòû",2022-04-15 00:25:59,minnesota,concerned
"&gt;National data on avian influenza in wild birds does not suggest songbirds (passerines) play a significant role in avian influenza outbreaks. If you wish to take your feeders down as a precaution, you are encouraged to do so. Bird feeders only provide a supplemental source of food to birds, especially at this time of year.Whether you choose to take your feeders down or leave them up, we do encourage you to clean your bird feeders regularly as this helps protect birds against other infections such as salmonella.

&amp;#x200B;

This sounds like a recommendation to take them down to me. Their encouraged action is to take them down. Knowing that people like all you downvoting me will bitch about not getting these birds to watch and would complain to them.

&amp;#x200B;

I already have zero faith in society after Covid, keep proving me right.",2022-05-09 16:57:03,minnesota,concerned
"DNR's mistake (which I'm not sure on why, might be policy) is letting BAH do the outreach.

And I agree, they kind of failed at it. I heard about it on MPR and did a bit of research before decided I would take down all my feeders to help. If this wasn't so fatal to some birds it'd be less of a deal. So far the Raptor Center has only had 1 bird with the flu live. Safest owl in the wild right now.

[https://www.bah.state.mn.us/hpai/](https://www.bah.state.mn.us/hpai/)

&amp;#x200B;

The Raptor Center's blurb on it

&gt;The United States is unfortunately experiencing an unprecedented outbreak of highly pathogenic avian influenza (HPAI) in our wild birds. It is important to remember that all bird species are susceptible to HPAI- but how they show or do not show signs of illness and the role they play in carrying and spreading the disease will vary. This virus is shed in the feces and respiratory secretions of infected birds and is very hardy, with virus particles able to survive for weeks in cool, damp environments. In wildlife, we know the most about how this virus works and presents in waterfowl, shorebirds, seabirds- as these are the groups of birds who are most likely to carry and shed the virus without showing signs of illness. We know some about how this virus impacts groups of birds like raptors, as these birds often get severely sick and rapidly die from the virus. Unfortunately, we have a lot of gaps in knowledge about the role of songbirds in HPAI outbreaks. We have some data from previous outbreaks around the world, but this outbreak is very different. The 2022 outbreak is unique because of the very high levels of transmission of the currently circulating H5N1 virus strain in wildlife. With minimal viral surveillance being done with songbirds, it is hard to measure the risk of transmission from songbirds to other birds. Every day at The Raptor Center, we are seeing the impact of HPAI- as we triage and test birds like bald eagles and great horned owls that are intensely suffering from fatal neurological illness due to HPAI. With these infected birds, humane euthanasia is the only tool we have left to help them. We also know that this strain and outbreak is causing severe illness in other species  like geese, ducks, blue jays, and crows.

&amp;#x200B;

[https://raptor.umn.edu/about-us/our-research/HPAI](https://raptor.umn.edu/about-us/our-research/HPAI)",2022-05-09 17:42:54,minnesota,concerned
"The DNR website phrases it as a hypothetical. IF you want to take them down. https://www.dnr.state.mn.us/wildlifedisease/avian-influenza.html

Should I take down my bird feeders?

**National data on avian influenza in wild birds does not suggest songbirds (passerines) play a significant role in avian influenza outbreaks.** If you wish to take your feeders down as a precaution, you are encouraged to do so. Bird feeders only provide a supplemental source of food to birds, especially at this time of year.

Whether you choose to take your feeders down or leave them up, we do encourage you to clean your bird feeders regularly as this helps protect birds against other infections such as salmonella.

Review our best practices for cleaning bird feeders. Individuals who own chickens or other domestic fowl may need to take additional precautions. See the Minnesota Board of Animal Health‚Äôs recommendations for biosecurity.",2022-05-09 20:03:44,minnesota,skeptical
"&gt;...New cases of avian influenza in Minnesota commercial flocks have slowed in recent weeks, suggesting that the worst of this year's outbreak could be over. 

&gt;But the unpredictability has caused a lot of stress for farmers, their families, veterinarians and others in the poultry industry. 

&gt;For many farmers, the mental strain of the past few months has been a heavy burden, particularly for those whose infected flocks had to be destroyed.

&gt;‚ÄúOnce we're through this disease, this poultry pandemic, the effects don't stop there,‚Äù said Meg Moynihan, a senior adviser for the Minnesota Department of Agriculture...",2022-05-24 08:41:51,minnesota,concerned
"This article is part of FERN's Ag Insider Quick Hits. View more articles here: [https://thefern.org/ag\_insider/todays-quick-hits-april-20-2023/](https://thefern.org/ag_insider/todays-quick-hits-april-20-2023/)

**Flooding in Minnesota**

The Mississippi River was forecast to crest eight feet above normal later this week in St. Paul, part of the high water on the upper Mississippi that has inundated farmland in the state. Article from WCCO News.

**Support for Ukraine**

At their meeting this weekend, G7 agriculture ministers are expected to send a strong message of support for the Black Sea grain initiative that allows the export of Ukrainian grain, Agriculture Secretary Tom Vilsack told reporters. Information FERN‚Äôs Ag Insider.

**Indiana is HPAI-free**

Indiana, one of the first states to be hit by highly pathogenic avian influenza in 2022, has been recognized as HPAI-free by the World Organization for Animal Health. Information from Indiana Board of Animal Health.

**Missouri curb on farmland**

The Missouri Senate passed and sent to the House legislation to permit no more than 0.5 percent of agricultural land in the state to be owned by foreigners, down from the current ceiling of 1 percent. Article from St. Louis Post-Dispatch.

**Jungle primary‚Äô shelved**

A Montana House committee set aside legislation that would allow only the top two finishers in the U.S. Senate primary in 2024 to appear on the general election ballot. Information from Associated Press.",2023-04-20 11:35:52,minnesota,supportive
"Saved you a click: 

&gt;STEVENS COUNTY, Minnesota

&gt;The Minnesota Board of Animal Health (MBAH) announced the case Wednesday, sharing that the juvenile goat lives on a farm with a poultry flock that was already quarantined after testing positive for Highly Pathogenic Avian Influenza (HPAI). After the goat was confirmed with HPAI in February, MBAH quarantined all other species on the premises. The board is now working with the U.S. Department of Agriculture (USDA) to investigate how the virus was transmitted.¬†",2024-03-20 16:10:47,minnesota,concerned
"Given that the USDA just found today that H5N1 avian influenza has spread to dairy cows, Limmer might be oddly correct. If that thing jumps to humans, it's going to be bad.",2024-03-26 01:08:15,minnesota,afraid
"[https://www.mda.state.mn.us/](https://www.mda.state.mn.us/)  They do tons of environmental work, water, weeds, hemp, invasive plants and insects, tons of food inspecting like meat, dairy, animal feed, seed.  Board of Animal Health is housed in the same building as AG but is a smaller agency which focuses on animal health and disease such as chronic wasting in farmed deer, avian influenza, rabies, and permitting animal movement.",2024-04-15 00:20:43,minnesota,informative
"Because the science is unclear on the role of songbirds in this current H5N1 outbreak, one consideration is to not encourage birds to gather together at places such as bird feeders or birdbaths. These are places where things like viruses could easily be exchanged between individuals,"" Hall wrote. 

What part of ‚Äúscience is unclear‚Äù is so hard for people to understand?

Do people not read the articles?",2022-04-14 22:49:54,minnesota,frustrated
"&gt; Yup

Nope. 

https://raptor.umn.edu/about-us/our-research/HPAI 

&gt; During these unprecedented times, we recommend doing anything that we can to try and help our wild bird populations. Because the science is unclear on the role of songbirds in this current H5N1 outbreak, one consideration is to not encourage birds to gather together at places such as bird feeders or bird baths. These are places where things like viruses could easily be exchanged between individuals.

&gt; In areas with HPAI transmission in any avian species, consider pausing the use of bird feeders and baths for the next couple of months until the rate of virus transmission in wild birds dramatically decreases. Not only will this action help to protect those beautiful feathered creatures that visit your yard, but will also help all wild bird species that are already having it  hard this spring because of HPAI. We have it in our power to take a short term action so we are not accidentally assisting in the virus‚Äô spread.  This outbreak won‚Äôt last forever and I, for one, am greatly looking forward to when I can safely hang my bird feeders back up!

&gt; Dr. Victoria Hall, DVM, MS, DACVPM",2022-05-15 18:55:40,minnesota,skeptical
"Could‚Äôve done without the snarky remark, but anyway, taken from the article: 

‚ÄúUnfortunately, we have a lot of gaps in knowledge about the role of songbirds in HPAI outbreaks. We have some data from previous outbreaks around the world, but this outbreak is very different. The 2022 outbreak is unique because of the very high levels of transmission of the currently circulating H5N1 virus strain in wildlife. With minimal viral surveillance being done with songbirds, it is hard to measure the risk of transmission from songbirds to other birds.‚Äù

Also, if the Minnesota DNR has already observed lack of songbirds with the current strain, I don‚Äôt see it posing as a threat to other bird species. The DNR‚Äôs observations fill in the gaps that The Raptor Center wasn‚Äôt expected to fill.",2022-05-15 19:03:52,minnesota,frustrated
And h5n1 in the mid 90s,2024-06-07 04:15:28,minnesota,concerned
